6.44,	6.71,	5.99,	5.57,	4.86,	4.09,	3.29,	3.15,	3.16,	3.36,	3.99,
6.45,	6.75,	6.08,	5.69,	4.97,	4.13,	3.25,	3.08,	3.09,	3.32,	4.02,
6.44,	6.74,	6.12,	5.71,	4.96,	4.11,	3.22,	3.04,	3.02,	3.22,	3.86,
6.41,	6.69,	6.06,	5.66,	4.91,	4.06,	3.15,	2.96,	2.90,	3.08,	3.72,
6.40,	6.64,	5.98,	5.58,	4.83,	4.00,	3.09,	2.89,	2.80,	2.96,	3.60,
6.45,	6.70,	6.08,	5.69,	4.92,	4.03,	3.05,	2.82,	2.73,	2.90,	3.60,
6.47,	6.70,	6.13,	5.75,	4.99,	4.16,	3.26,	3.05,	2.96,	3.11,	3.73,
6.45,	6.66,	6.05,	5.63,	4.88,	4.09,	3.26,	3.06,	2.97,	3.09,	3.63,
6.44,	6.67,	6.09,	5.69,	4.95,	4.14,	3.26,	3.05,	2.95,	3.07,	3.64,
6.47,	6.73,	6.14,	5.75,	5.00,	4.18,	3.29,	3.07,	2.97,	3.10,	3.69,
6.49,	6.78,	6.27,	5.87,	5.09,	4.24,	3.32,	3.10,	3.01,	3.15,	3.78,
6.43,	6.72,	6.20,	5.79,	5.02,	4.22,	3.38,	3.18,	3.09,	3.22,	3.80,
6.44,	6.74,	6.27,	5.86,	5.06,	4.25,	3.41,	3.22,	3.15,	3.32,	3.97,
6.42,	6.72,	6.23,	5.81,	5.04,	4.26,	3.47,	3.28,	3.21,	3.36,	3.95,
6.41,	6.71,	6.22,	5.80,	5.01,	4.23,	3.44,	3.26,	3.20,	3.35,	3.94,
6.39,	6.67,	6.14,	5.71,	4.92,	4.14,	3.33,	3.15,	3.08,	3.23,	3.83,
6.34,	6.61,	6.14,	5.72,	4.95,	4.18,	3.39,	3.21,	3.13,	3.27,	3.83,
6.41,	6.70,	6.24,	5.84,	5.05,	4.25,	3.46,	3.28,	3.22,	3.37,	3.96,
6.43,	6.72,	6.27,	5.87,	5.07,	4.26,	3.45,	3.27,	3.21,	3.37,	3.98,
6.39,	6.66,	6.16,	5.74,	4.94,	4.14,	3.34,	3.16,	3.09,	3.25,	3.86,
6.34,	6.58,	6.02,	5.57,	4.77,	4.02,	3.31,	3.14,	3.06,	3.18,	3.71,
6.29,	6.55,	6.05,	5.60,	4.79,	4.05,	3.36,	3.20,	3.11,	3.21,	3.70,
6.28,	6.53,	6.01,	5.53,	4.70,	3.94,	3.23,	3.07,	2.98,	3.08,	3.59,
6.33,	6.59,	6.10,	5.64,	4.80,	4.00,	3.25,	3.08,	3.00,	3.13,	3.69,
6.36,	6.61,	6.13,	5.67,	4.80,	3.97,	3.21,	3.04,	2.98,	3.12,	3.70,
6.32,	6.56,	6.09,	5.63,	4.75,	3.94,	3.21,	3.04,	2.97,	3.09,	3.61,
6.33,	6.57,	6.13,	5.67,	4.79,	3.97,	3.28,	3.15,	3.14,	3.28,	3.79,
6.33,	6.56,	6.16,	5.72,	4.86,	4.05,	3.36,	3.23,	3.20,	3.32,	3.77,
6.27,	6.49,	6.08,	5.68,	4.87,	4.11,	3.48,	3.36,	3.33,	3.44,	3.82,
6.23,	6.39,	6.00,	5.61,	4.83,	4.10,	3.50,	3.38,	3.34,	3.44,	3.78,
6.28,	6.43,	6.01,	5.61,	4.83,	4.08,	3.44,	3.31,	3.27,	3.37,	3.74,
6.42,	6.58,	6.12,	5.71,	4.90,	4.12,	3.41,	3.27,	3.26,	3.42,	3.93,
6.37,	6.49,	6.08,	5.68,	4.88,	4.09,	3.36,	3.22,	3.19,	3.36,	3.88,
6.36,	6.48,	6.04,	5.62,	4.80,	4.01,	3.26,	3.12,	3.09,	3.26,	3.81,
6.32,	6.41,	5.95,	5.53,	4.71,	3.93,	3.21,	3.06,	3.05,	3.21,	3.75,
6.28,	6.37,	5.82,	5.39,	4.62,	3.90,	3.24,	3.10,	3.06,	3.19,	3.64,
6.32,	6.40,	5.83,	5.41,	4.65,	3.95,	3.29,	3.14,	3.09,	3.21,	3.65,
6.29,	6.36,	5.71,	5.27,	4.53,	3.88,	3.27,	3.13,	3.08,	3.18,	3.56,
6.31,	6.38,	5.70,	5.25,	4.51,	3.86,	3.26,	3.13,	3.07,	3.17,	3.56,
6.32,	6.40,	5.73,	5.27,	4.52,	3.86,	3.25,	3.12,	3.07,	3.18,	3.58,
6.33,	6.43,	5.81,	5.38,	4.65,	3.98,	3.38,	3.25,	3.21,	3.31,	3.69,
6.28,	6.37,	5.78,	5.36,	4.63,	3.96,	3.34,	3.21,	3.16,	3.26,	3.65,
6.28,	6.38,	5.83,	5.41,	4.65,	3.94,	3.27,	3.12,	3.06,	3.17,	3.61,
6.27,	6.34,	5.75,	5.30,	4.54,	3.86,	3.23,	3.09,	3.02,	3.12,	3.50,
6.23,	6.31,	5.69,	5.24,	4.48,	3.82,	3.19,	3.04,	2.97,	3.06,	3.45,
6.24,	6.30,	5.67,	5.20,	4.43,	3.77,	3.17,	3.03,	2.97,	3.06,	3.43,
6.24,	6.31,	5.69,	5.22,	4.45,	3.81,	3.23,	3.10,	3.03,	3.11,	3.46,
6.25,	6.29,	5.64,	5.16,	4.42,	3.82,	3.31,	3.18,	3.11,	3.17,	3.45,
6.27,	6.32,	5.68,	5.22,	4.48,	3.90,	3.40,	3.29,	3.22,	3.27,	3.52,
6.26,	6.30,	5.67,	5.21,	4.47,	3.89,	3.40,	3.28,	3.21,	3.25,	3.48,
6.31,	6.33,	5.69,	5.24,	4.51,	3.89,	3.34,	3.21,	3.13,	3.19,	3.47,
6.33,	6.36,	5.67,	5.21,	4.45,	3.82,	3.26,	3.12,	3.05,	3.11,	3.41,
6.31,	6.30,	5.56,	5.07,	4.31,	3.74,	3.26,	3.14,	3.07,	3.12,	3.37,
6.32,	6.30,	5.50,	5.00,	4.25,	3.70,	3.25,	3.13,	3.06,	3.10,	3.33,
6.29,	6.28,	5.53,	5.06,	4.33,	3.76,	3.29,	3.16,	3.09,	3.13,	3.36,
6.30,	6.30,	5.54,	5.09,	4.37,	3.80,	3.30,	3.17,	3.08,	3.11,	3.34,
6.29,	6.32,	5.61,	5.19,	4.51,	3.93,	3.40,	3.26,	3.18,	3.22,	3.45,
6.30,	6.37,	5.56,	5.10,	4.41,	3.86,	3.39,	3.28,	3.21,	3.26,	3.49,
6.30,	6.36,	5.58,	5.13,	4.43,	3.85,	3.34,	3.22,	3.18,	3.26,	3.57,
6.42,	6.53,	5.73,	5.26,	4.52,	3.91,	3.39,	3.28,	3.25,	3.35,	3.69,
6.38,	6.48,	5.68,	5.21,	4.48,	3.88,	3.39,	3.29,	3.27,	3.38,	3.73,
6.37,	6.48,	5.68,	5.21,	4.48,	3.90,	3.44,	3.35,	3.34,	3.44,	3.74,
6.35,	6.44,	5.59,	5.12,	4.41,	3.88,	3.48,	3.40,	3.37,	3.44,	3.67,
6.35,	6.43,	5.56,	5.09,	4.41,	3.91,	3.54,	3.46,	3.45,	3.53,	3.79,
6.32,	6.37,	5.52,	5.04,	4.36,	3.86,	3.47,	3.39,	3.37,	3.46,	3.74,
6.36,	6.39,	5.54,	5.08,	4.40,	3.88,	3.44,	3.35,	3.33,	3.43,	3.75,
6.30,	6.34,	5.44,	4.97,	4.31,	3.81,	3.39,	3.30,	3.28,	3.37,	3.67,
6.32,	6.37,	5.53,	5.06,	4.41,	3.91,	3.48,	3.39,	3.36,	3.45,	3.77,
6.27,	6.31,	5.46,	4.99,	4.35,	3.86,	3.46,	3.37,	3.34,	3.43,	3.73,
6.27,	6.33,	5.50,	5.04,	4.38,	3.89,	3.48,	3.39,	3.35,	3.44,	3.74,
6.23,	6.27,	5.47,	5.01,	4.37,	3.91,	3.53,	3.43,	3.39,	3.45,	3.71,
6.25,	6.30,	5.49,	5.03,	4.40,	3.96,	3.60,	3.51,	3.45,	3.49,	3.70,
6.23,	6.28,	5.54,	5.10,	4.49,	4.06,	3.73,	3.65,	3.59,	3.63,	3.80,
6.23,	6.29,	5.56,	5.12,	4.50,	4.06,	3.71,	3.62,	3.57,	3.61,	3.82,
6.19,	6.26,	5.58,	5.16,	4.55,	4.08,	3.70,	3.60,	3.55,	3.59,	3.82,
6.21,	6.27,	5.56,	5.13,	4.51,	4.06,	3.69,	3.60,	3.55,	3.60,	3.81,
6.23,	6.29,	5.58,	5.14,	4.51,	4.05,	3.67,	3.58,	3.54,	3.60,	3.85,
6.26,	6.32,	5.58,	5.15,	4.52,	4.03,	3.63,	3.54,	3.50,	3.57,	3.84,
6.28,	6.34,	5.63,	5.21,	4.57,	4.07,	3.63,	3.52,	3.48,	3.56,	3.87,
6.21,	6.30,	5.57,	5.17,	4.55,	4.03,	3.57,	3.46,	3.43,	3.53,	3.85,
6.19,	6.24,	5.52,	5.13,	4.52,	3.99,	3.51,	3.40,	3.39,	3.49,	3.85,
6.15,	6.15,	5.45,	5.08,	4.48,	3.93,	3.41,	3.30,	3.28,	3.40,	3.76,
6.14,	6.15,	5.46,	5.11,	4.54,	3.98,	3.43,	3.31,	3.29,	3.41,	3.79,
6.15,	6.17,	5.45,	5.11,	4.57,	4.04,	3.51,	3.39,	3.36,	3.47,	3.82,
6.21,	6.25,	5.54,	5.24,	4.71,	4.16,	3.61,	3.48,	3.45,	3.55,	3.91,
6.23,	6.28,	5.58,	5.28,	4.75,	4.19,	3.59,	3.46,	3.41,	3.52,	3.88,
6.23,	6.30,	5.52,	5.21,	4.68,	4.13,	3.55,	3.41,	3.38,	3.49,	3.85,
6.20,	6.26,	5.48,	5.15,	4.62,	4.07,	3.49,	3.35,	3.30,	3.40,	3.73,
6.20,	6.25,	5.49,	5.16,	4.60,	4.05,	3.46,	3.32,	3.27,	3.36,	3.68,
6.31,	6.38,	5.60,	5.27,	4.71,	4.14,	3.53,	3.38,	3.29,	3.34,	3.60,
6.34,	6.41,	5.59,	5.25,	4.69,	4.15,	3.57,	3.43,	3.34,	3.39,	3.63,
6.32,	6.41,	5.54,	5.16,	4.60,	4.07,	3.53,	3.40,	3.34,	3.40,	3.64,
6.35,	6.43,	5.50,	5.11,	4.55,	4.04,	3.51,	3.38,	3.31,	3.37,	3.60,
6.31,	6.43,	5.64,	5.26,	4.70,	4.19,	3.64,	3.49,	3.39,	3.42,	3.63,
6.25,	6.37,	5.71,	5.36,	4.82,	4.29,	3.68,	3.51,	3.38,	3.39,	3.58,
6.19,	6.35,	5.74,	5.40,	4.84,	4.28,	3.64,	3.47,	3.36,	3.39,	3.63,
6.14,	6.28,	5.66,	5.31,	4.74,	4.20,	3.60,	3.44,	3.34,	3.38,	3.64,
6.20,	6.35,	5.69,	5.32,	4.75,	4.22,	3.64,	3.48,	3.39,	3.44,	3.71,
6.20,	6.36,	5.63,	5.25,	4.69,	4.20,	3.69,	3.54,	3.42,	3.40,	3.39,
6.18,	6.31,	5.55,	5.14,	4.57,	4.12,	3.69,	3.57,	3.48,	3.45,	3.40,
6.18,	6.30,	5.44,	5.01,	4.45,	4.04,	3.66,	3.56,	3.47,	3.44,	3.35,
6.22,	6.33,	5.47,	5.04,	4.46,	4.02,	3.61,	3.51,	3.42,	3.40,	3.34,
6.19,	6.29,	5.38,	4.94,	4.38,	3.97,	3.59,	3.49,	3.41,	3.38,	3.29,
6.17,	6.27,	5.32,	4.89,	4.35,	3.98,	3.64,	3.55,	3.47,	3.44,	3.35,
6.08,	6.17,	5.21,	4.79,	4.29,	3.97,	3.70,	3.62,	3.53,	3.48,	3.33,
6.13,	6.21,	5.24,	4.81,	4.32,	4.03,	3.79,	3.72,	3.63,	3.56,	3.37,
6.15,	6.21,	5.28,	4.88,	4.37,	4.01,	3.68,	3.59,	3.50,	3.46,	3.35,
6.12,	6.20,	5.29,	4.89,	4.38,	4.00,	3.64,	3.53,	3.44,	3.40,	3.31,
6.16,	6.25,	5.34,	4.94,	4.42,	4.00,	3.61,	3.51,	3.43,	3.41,	3.37,
6.14,	6.23,	5.29,	4.89,	4.36,	3.96,	3.58,	3.48,	3.41,	3.41,	3.37,
6.17,	6.21,	5.28,	4.87,	4.35,	3.96,	3.61,	3.52,	3.45,	3.44,	3.39,
6.15,	6.22,	5.26,	4.86,	4.36,	3.99,	3.68,	3.60,	3.54,	3.52,	3.45,
6.05,	6.13,	5.33,	4.95,	4.42,	4.04,	3.70,	3.61,	3.53,	3.49,	3.40,
6.03,	6.09,	5.35,	5.00,	4.52,	4.14,	3.78,	3.68,	3.58,	3.53,	3.44,
6.00,	6.05,	5.23,	4.87,	4.40,	4.09,	3.81,	3.72,	3.62,	3.54,	3.37,
5.94,	6.01,	5.26,	4.91,	4.45,	4.12,	3.83,	3.73,	3.62,	3.54,	3.37,
5.96,	6.02,	5.30,	4.97,	4.51,	4.18,	3.85,	3.75,	3.65,	3.58,	3.44,
6.03,	6.10,	5.39,	5.09,	4.65,	4.27,	3.89,	3.77,	3.66,	3.61,	3.54,
6.03,	6.08,	5.37,	5.07,	4.62,	4.23,	3.81,	3.70,	3.60,	3.57,	3.53,
6.06,	6.12,	5.42,	5.12,	4.67,	4.25,	3.81,	3.70,	3.60,	3.58,	3.56,
6.06,	6.12,	5.40,	5.07,	4.59,	4.18,	3.75,	3.64,	3.55,	3.54,	3.54,
6.03,	6.12,	5.43,	5.09,	4.59,	4.18,	3.77,	3.66,	3.58,	3.57,	3.57,
6.04,	6.12,	5.42,	5.07,	4.56,	4.14,	3.73,	3.63,	3.56,	3.56,	3.57,
6.01,	6.04,	5.36,	5.02,	4.52,	4.11,	3.70,	3.60,	3.52,	3.53,	3.53,
6.00,	6.04,	5.35,	5.02,	4.54,	4.13,	3.71,	3.60,	3.53,	3.53,	3.55,
6.01,	6.05,	5.38,	5.07,	4.60,	4.17,	3.68,	3.55,	3.47,	3.49,	3.55,
5.97,	6.00,	5.35,	5.04,	4.58,	4.14,	3.65,	3.53,	3.45,	3.47,	3.54,
5.90,	5.94,	5.30,	4.99,	4.54,	4.14,	3.72,	3.60,	3.51,	3.51,	3.53,
5.97,	5.98,	5.37,	5.08,	4.62,	4.18,	3.69,	3.56,	3.47,	3.48,	3.55,
5.91,	5.92,	5.29,	5.00,	4.55,	4.15,	3.72,	3.60,	3.50,	3.50,	3.51,
5.93,	5.95,	5.35,	5.07,	4.62,	4.20,	3.74,	3.61,	3.51,	3.51,	3.56,
5.95,	5.98,	5.31,	5.01,	4.57,	4.18,	3.74,	3.61,	3.51,	3.50,	3.54,
5.90,	5.94,	5.30,	5.02,	4.59,	4.22,	3.79,	3.66,	3.56,	3.54,	3.56,
5.92,	5.94,	5.29,	5.02,	4.62,	4.26,	3.84,	3.71,	3.60,	3.57,	3.57,
5.92,	5.96,	5.39,	5.14,	4.73,	4.30,	3.77,	3.61,	3.49,	3.49,	3.56,
5.95,	5.98,	5.41,	5.16,	4.73,	4.31,	3.80,	3.65,	3.53,	3.52,	3.59,
5.93,	6.00,	5.41,	5.12,	4.68,	4.26,	3.77,	3.63,	3.52,	3.51,	3.58,
5.94,	6.02,	5.37,	5.07,	4.61,	4.19,	3.71,	3.57,	3.46,	3.46,	3.54,
5.99,	6.06,	5.38,	5.04,	4.53,	4.09,	3.61,	3.48,	3.39,	3.41,	3.51,
6.01,	6.05,	5.32,	4.97,	4.47,	4.06,	3.62,	3.49,	3.40,	3.41,	3.49,
6.04,	6.10,	5.34,	4.98,	4.47,	4.07,	3.63,	3.51,	3.43,	3.44,	3.51,
6.02,	6.05,	5.32,	4.98,	4.49,	4.08,	3.63,	3.51,	3.42,	3.42,	3.50,
5.95,	6.00,	5.31,	4.97,	4.49,	4.11,	3.69,	3.57,	3.47,	3.46,	3.50,
5.96,	6.00,	5.32,	4.99,	4.52,	4.17,	3.76,	3.63,	3.52,	3.50,	3.53,
6.00,	6.07,	5.42,	5.09,	4.61,	4.22,	3.77,	3.64,	3.52,	3.51,	3.57,
6.01,	6.06,	5.40,	5.08,	4.62,	4.24,	3.79,	3.66,	3.53,	3.52,	3.57,
6.04,	6.08,	5.38,	5.04,	4.58,	4.25,	3.88,	3.75,	3.63,	3.58,	3.56,
6.05,	6.08,	5.41,	5.08,	4.61,	4.26,	3.88,	3.75,	3.63,	3.58,	3.57,
6.01,	6.04,	5.40,	5.09,	4.63,	4.25,	3.80,	3.67,	3.54,	3.51,	3.54,
6.01,	6.02,	5.42,	5.14,	4.69,	4.31,	3.86,	3.72,	3.59,	3.55,	3.57,
5.99,	6.01,	5.40,	5.11,	4.67,	4.29,	3.85,	3.71,	3.58,	3.54,	3.56,
5.99,	6.01,	5.39,	5.10,	4.65,	4.25,	3.78,	3.64,	3.51,	3.49,	3.53,
5.96,	5.99,	5.40,	5.12,	4.66,	4.25,	3.76,	3.60,	3.46,	3.43,	3.48,
5.97,	5.99,	5.41,	5.13,	4.68,	4.26,	3.77,	3.62,	3.48,	3.46,	3.51,
5.98,	6.01,	5.35,	5.05,	4.60,	4.23,	3.77,	3.62,	3.49,	3.46,	3.49,
6.02,	6.06,	5.41,	5.12,	4.67,	4.27,	3.77,	3.61,	3.47,	3.45,	3.52,
6.02,	6.06,	5.47,	5.18,	4.72,	4.29,	3.77,	3.62,	3.48,	3.47,	3.55,
6.07,	6.10,	5.46,	5.16,	4.70,	4.31,	3.83,	3.67,	3.52,	3.46,	3.48,
6.11,	6.12,	5.46,	5.17,	4.72,	4.34,	3.87,	3.72,	3.57,	3.51,	3.52,
6.08,	6.09,	5.45,	5.16,	4.71,	4.34,	3.92,	3.78,	3.64,	3.58,	3.55,
6.10,	6.08,	5.50,	5.22,	4.77,	4.38,	3.94,	3.80,	3.65,	3.59,	3.58,
6.09,	6.09,	5.50,	5.22,	4.76,	4.37,	3.92,	3.77,	3.63,	3.58,	3.58,
6.08,	6.04,	5.48,	5.19,	4.73,	4.34,	3.90,	3.76,	3.61,	3.56,	3.56,
6.05,	6.02,	5.43,	5.14,	4.68,	4.30,	3.87,	3.74,	3.60,	3.54,	3.53,
6.08,	6.03,	5.44,	5.15,	4.70,	4.33,	3.91,	3.78,	3.63,	3.57,	3.55,
6.13,	6.07,	5.49,	5.21,	4.77,	4.40,	3.97,	3.82,	3.67,	3.61,	3.61,
6.11,	6.09,	5.47,	5.21,	4.80,	4.43,	3.97,	3.81,	3.65,	3.58,	3.59,
6.12,	6.08,	5.46,	5.21,	4.81,	4.45,	3.98,	3.82,	3.64,	3.58,	3.58,
6.09,	6.03,	5.37,	5.10,	4.70,	4.36,	3.91,	3.75,	3.57,	3.49,	3.48,
6.07,	6.04,	5.38,	5.11,	4.69,	4.33,	3.87,	3.71,	3.53,	3.46,	3.47,
6.08,	6.03,	5.42,	5.15,	4.73,	4.39,	3.95,	3.79,	3.62,	3.54,	3.53,
6.03,	6.01,	5.43,	5.17,	4.76,	4.41,	3.97,	3.82,	3.64,	3.56,	3.55,
5.99,	5.96,	5.41,	5.15,	4.76,	4.43,	4.01,	3.85,	3.66,	3.57,	3.54,
6.01,	5.98,	5.46,	5.23,	4.84,	4.49,	4.03,	3.86,	3.68,	3.59,	3.59,
6.02,	5.97,	5.47,	5.24,	4.85,	4.51,	4.06,	3.89,	3.71,	3.62,	3.60,
6.03,	6.01,	5.55,	5.33,	4.94,	4.57,	4.09,	3.92,	3.73,	3.64,	3.63,
6.01,	6.00,	5.55,	5.32,	4.95,	4.64,	4.21,	4.04,	3.83,	3.70,	3.61,
6.00,	5.98,	5.51,	5.26,	4.85,	4.53,	4.14,	3.98,	3.78,	3.66,	3.54,
6.00,	5.99,	5.55,	5.31,	4.91,	4.60,	4.21,	4.06,	3.86,	3.74,	3.62,
5.96,	5.95,	5.57,	5.33,	4.92,	4.56,	4.18,	4.05,	3.88,	3.76,	3.63,
5.94,	5.92,	5.54,	5.30,	4.88,	4.53,	4.15,	4.02,	3.86,	3.75,	3.63,
5.94,	5.92,	5.55,	5.31,	4.88,	4.53,	4.15,	4.02,	3.87,	3.77,	3.65,
5.93,	5.90,	5.51,	5.27,	4.86,	4.52,	4.17,	4.05,	3.90,	3.79,	3.65,
5.90,	5.87,	5.46,	5.22,	4.81,	4.49,	4.16,	4.05,	3.90,	3.79,	3.64,
5.92,	5.92,	5.53,	5.28,	4.87,	4.54,	4.22,	4.11,	3.96,	3.86,	3.70,
5.91,	5.91,	5.52,	5.28,	4.87,	4.55,	4.24,	4.13,	3.99,	3.89,	3.75,
5.92,	5.91,	5.51,	5.26,	4.84,	4.52,	4.18,	4.07,	3.93,	3.84,	3.72,
5.91,	5.90,	5.48,	5.23,	4.83,	4.53,	4.23,	4.13,	3.98,	3.87,	3.73,
5.88,	5.84,	5.35,	5.11,	4.72,	4.46,	4.19,	4.09,	3.94,	3.82,	3.64,
5.87,	5.83,	5.35,	5.10,	4.73,	4.47,	4.22,	4.12,	3.97,	3.85,	3.68,
5.88,	5.84,	5.34,	5.11,	4.75,	4.50,	4.24,	4.13,	3.98,	3.86,	3.70,
5.88,	5.85,	5.34,	5.11,	4.77,	4.54,	4.31,	4.22,	4.07,	3.95,	3.80,
5.87,	5.86,	5.34,	5.11,	4.77,	4.52,	4.25,	4.15,	4.00,	3.89,	3.76,
5.91,	5.85,	5.32,	5.09,	4.75,	4.50,	4.22,	4.12,	3.98,	3.87,	3.75,
5.88,	5.83,	5.22,	4.98,	4.65,	4.44,	4.20,	4.10,	3.96,	3.84,	3.70,
5.92,	5.88,	5.23,	4.97,	4.63,	4.43,	4.22,	4.13,	3.99,	3.87,	3.73,
5.89,	5.82,	5.20,	4.95,	4.62,	4.43,	4.23,	4.13,	3.99,	3.87,	3.73,
5.87,	5.78,	5.18,	4.94,	4.61,	4.42,	4.22,	4.13,	3.99,	3.88,	3.75,
5.82,	5.75,	5.20,	4.97,	4.67,	4.48,	4.28,	4.19,	4.06,	3.96,	3.86,
5.83,	5.75,	5.20,	4.97,	4.66,	4.46,	4.25,	4.16,	4.03,	3.94,	3.85,
5.81,	5.76,	5.23,	5.00,	4.66,	4.43,	4.18,	4.09,	3.96,	3.89,	3.84,
5.77,	5.72,	5.22,	4.99,	4.66,	4.45,	4.23,	4.14,	4.02,	3.94,	3.89,
5.76,	5.71,	5.25,	5.03,	4.69,	4.47,	4.24,	4.15,	4.03,	3.95,	3.91,
5.77,	5.72,	5.26,	5.03,	4.68,	4.46,	4.22,	4.13,	4.01,	3.94,	3.90,
5.77,	5.73,	5.26,	5.04,	4.71,	4.49,	4.27,	4.19,	4.07,	3.99,	3.93,
5.75,	5.71,	5.27,	5.05,	4.72,	4.50,	4.27,	4.18,	4.05,	3.97,	3.91,
5.76,	5.72,	5.30,	5.06,	4.70,	4.45,	4.17,	4.06,	3.93,	3.85,	3.80,
5.67,	5.71,	5.32,	5.07,	4.69,	4.43,	4.14,	4.04,	3.89,	3.81,	3.76,
5.72,	5.72,	5.36,	5.12,	4.73,	4.45,	4.14,	4.02,	3.86,	3.78,	3.76,
5.68,	5.74,	5.33,	5.09,	4.71,	4.44,	4.12,	3.99,	3.82,	3.72,	3.69,
5.71,	5.73,	5.32,	5.07,	4.68,	4.39,	4.04,	3.91,	3.74,	3.64,	3.61,
5.69,	5.66,	5.33,	5.09,	4.69,	4.38,	4.00,	3.87,	3.72,	3.65,	3.65,
5.66,	5.63,	5.31,	5.08,	4.71,	4.41,	4.05,	3.92,	3.76,	3.68,	3.67,
5.64,	5.64,	5.30,	5.08,	4.69,	4.35,	3.94,	3.80,	3.64,	3.57,	3.60,
5.65,	5.62,	5.30,	5.09,	4.69,	4.34,	3.91,	3.76,	3.61,	3.54,	3.57,
5.64,	5.62,	5.34,	5.12,	4.73,	4.37,	3.95,	3.81,	3.66,	3.60,	3.61,
5.65,	5.61,	5.34,	5.13,	4.73,	4.37,	3.94,	3.80,	3.64,	3.57,	3.59,
5.60,	5.60,	5.33,	5.11,	4.69,	4.32,	3.87,	3.72,	3.56,	3.50,	3.52,
5.59,	5.59,	5.30,	5.07,	4.67,	4.31,	3.86,	3.71,	3.54,	3.47,	3.49,
5.57,	5.55,	5.25,	5.03,	4.65,	4.32,	3.89,	3.73,	3.56,	3.47,	3.49,
5.57,	5.51,	5.27,	5.07,	4.70,	4.37,	3.95,	3.79,	3.62,	3.54,	3.56,
5.52,	5.46,	5.23,	5.06,	4.73,	4.41,	3.97,	3.81,	3.61,	3.51,	3.52,
5.50,	5.42,	5.20,	5.01,	4.66,	4.37,	3.98,	3.83,	3.63,	3.52,	3.49,
5.51,	5.43,	5.23,	5.05,	4.69,	4.38,	3.99,	3.84,	3.64,	3.54,	3.52,
5.50,	5.44,	5.23,	5.05,	4.70,	4.39,	3.99,	3.83,	3.63,	3.53,	3.52,
5.52,	5.47,	5.20,	5.00,	4.65,	4.34,	3.94,	3.78,	3.57,	3.46,	3.42,
5.51,	5.40,	5.09,	4.89,	4.55,	4.25,	3.84,	3.68,	3.46,	3.34,	3.30,
5.48,	5.39,	5.05,	4.84,	4.47,	4.17,	3.76,	3.60,	3.39,	3.28,	3.22,
5.46,	5.41,	5.06,	4.84,	4.46,	4.16,	3.79,	3.64,	3.45,	3.34,	3.26,
5.51,	5.41,	5.03,	4.79,	4.38,	4.08,	3.73,	3.59,	3.42,	3.32,	3.24,
5.50,	5.38,	5.01,	4.78,	4.38,	4.06,	3.69,	3.55,	3.37,	3.27,	3.23,
5.45,	5.35,	5.04,	4.83,	4.44,	4.15,	3.81,	3.68,	3.49,	3.38,	3.31,
5.44,	5.31,	5.02,	4.79,	4.40,	4.13,	3.84,	3.72,	3.53,	3.41,	3.31,
5.44,	5.33,	5.00,	4.78,	4.39,	4.12,	3.86,	3.74,	3.56,	3.43,	3.31,
5.39,	5.34,	4.99,	4.75,	4.36,	4.10,	3.85,	3.73,	3.55,	3.42,	3.29,
5.38,	5.33,	5.00,	4.77,	4.38,	4.13,	3.87,	3.75,	3.57,	3.43,	3.29,
5.36,	5.23,	5.00,	4.79,	4.40,	4.13,	3.88,	3.77,	3.59,	3.47,	3.33,
5.32,	5.26,	5.00,	4.80,	4.43,	4.17,	3.91,	3.80,	3.64,	3.51,	3.38,
5.36,	5.22,	5.07,	4.87,	4.47,	4.20,	3.94,	3.84,	3.68,	3.56,	3.44,
5.32,	5.26,	5.07,	4.87,	4.47,	4.19,	3.94,	3.84,	3.67,	3.55,	3.42,
5.34,	5.22,	5.09,	4.90,	4.50,	4.20,	3.93,	3.82,	3.67,	3.55,	3.43,
5.29,	5.24,	5.04,	4.83,	4.42,	4.12,	3.88,	3.78,	3.62,	3.49,	3.32,
5.34,	5.31,	5.08,	4.87,	4.43,	4.11,	3.85,	3.75,	3.59,	3.46,	3.28,
5.33,	5.31,	5.06,	4.82,	4.36,	4.05,	3.82,	3.73,	3.58,	3.44,	3.26,
5.37,	5.28,	5.06,	4.82,	4.36,	4.05,	3.82,	3.74,	3.59,	3.47,	3.29,
5.33,	5.33,	5.12,	4.88,	4.40,	4.09,	3.87,	3.79,	3.65,	3.53,	3.36,
5.26,	5.14,	5.09,	4.90,	4.47,	4.15,	3.91,	3.82,	3.67,	3.55,	3.37,
5.18,	5.08,	5.11,	4.96,	4.54,	4.20,	3.92,	3.82,	3.66,	3.53,	3.37,
5.18,	5.08,	5.10,	4.94,	4.52,	4.19,	3.91,	3.80,	3.64,	3.52,	3.36,
5.18,	5.06,	5.06,	4.90,	4.49,	4.16,	3.89,	3.79,	3.63,	3.50,	3.34,
5.17,	5.16,	5.06,	4.90,	4.49,	4.16,	3.88,	3.78,	3.63,	3.50,	3.34,
5.10,	5.09,	5.04,	4.88,	4.46,	4.14,	3.89,	3.80,	3.64,	3.50,	3.33,
5.12,	4.97,	4.94,	4.78,	4.37,	4.07,	3.84,	3.75,	3.59,	3.45,	3.26,
5.10,	4.95,	4.89,	4.69,	4.21,	3.93,	3.81,	3.76,	3.62,	3.47,	3.22,
5.08,	4.99,	4.97,	4.76,	4.29,	4.01,	3.89,	3.84,	3.71,	3.56,	3.32,
5.05,	4.99,	4.95,	4.75,	4.32,	4.07,	3.95,	3.89,	3.76,	3.62,	3.38,
5.03,	4.97,	4.96,	4.76,	4.35,	4.10,	3.98,	3.92,	3.78,	3.65,	3.42,
5.06,	5.02,	5.02,	4.82,	4.40,	4.15,	4.01,	3.94,	3.81,	3.68,	3.47,
5.06,	5.05,	5.00,	4.80,	4.38,	4.12,	3.99,	3.92,	3.79,	3.66,	3.45,
5.07,	5.05,	5.00,	4.80,	4.38,	4.12,	3.99,	3.93,	3.80,	3.68,	3.49,
5.11,	5.09,	5.08,	4.88,	4.45,	4.17,	4.01,	3.94,	3.82,	3.70,	3.54,
5.08,	5.06,	5.04,	4.85,	4.44,	4.17,	3.99,	3.92,	3.79,	3.67,	3.52,
5.07,	5.03,	5.07,	4.89,	4.51,	4.23,	4.03,	3.95,	3.82,	3.70,	3.56,
5.11,	5.07,	5.06,	4.88,	4.49,	4.23,	4.05,	3.97,	3.83,	3.71,	3.57,
5.09,	5.04,	5.02,	4.85,	4.50,	4.27,	4.07,	3.98,	3.82,	3.70,	3.57,
5.08,	5.04,	5.02,	4.85,	4.49,	4.25,	4.04,	3.95,	3.78,	3.66,	3.54,
5.10,	5.08,	5.07,	4.90,	4.54,	4.29,	4.07,	3.97,	3.81,	3.69,	3.58,
5.11,	5.11,	5.07,	4.88,	4.51,	4.27,	4.09,	3.99,	3.84,	3.71,	3.59,
5.14,	5.16,	5.07,	4.85,	4.43,	4.19,	4.04,	3.96,	3.81,	3.68,	3.54,
5.17,	5.17,	5.06,	4.83,	4.40,	4.14,	3.98,	3.91,	3.76,	3.64,	3.51,
5.10,	5.12,	5.01,	4.77,	4.32,	4.09,	4.03,	3.99,	3.86,	3.71,	3.51,
5.06,	5.13,	5.00,	4.77,	4.35,	4.14,	4.10,	4.06,	3.93,	3.78,	3.54,
5.04,	5.06,	5.00,	4.79,	4.37,	4.17,	4.14,	4.10,	3.97,	3.81,	3.56,
5.02,	4.99,	4.92,	4.72,	4.33,	4.15,	4.16,	4.12,	3.99,	3.81,	3.53,
5.06,	5.03,	4.93,	4.73,	4.33,	4.15,	4.14,	4.11,	3.97,	3.80,	3.52,
5.11,	5.07,	4.93,	4.72,	4.32,	4.14,	4.15,	4.11,	3.97,	3.80,	3.52,
5.09,	5.09,	4.92,	4.71,	4.32,	4.17,	4.20,	4.17,	4.03,	3.85,	3.54,
5.10,	5.05,	4.92,	4.71,	4.32,	4.15,	4.17,	4.14,	4.00,	3.82,	3.52,
5.08,	5.08,	4.88,	4.66,	4.26,	4.11,	4.15,	4.12,	3.97,	3.79,	3.49,
5.11,	5.09,	4.94,	4.73,	4.33,	4.17,	4.18,	4.15,	4.00,	3.82,	3.52,
5.09,	5.09,	4.89,	4.69,	4.32,	4.18,	4.21,	4.17,	4.02,	3.83,	3.51,
5.08,	5.03,	4.89,	4.71,	4.35,	4.21,	4.24,	4.20,	4.05,	3.86,	3.54,
5.07,	5.02,	4.89,	4.71,	4.37,	4.24,	4.26,	4.22,	4.06,	3.87,	3.54,
5.11,	5.07,	4.96,	4.78,	4.42,	4.25,	4.24,	4.19,	4.03,	3.84,	3.54,
5.16,	5.14,	5.01,	4.81,	4.41,	4.20,	4.16,	4.13,	4.02,	3.90,	3.67,
5.11,	5.09,	5.03,	4.82,	4.40,	4.20,	4.18,	4.14,	4.04,	3.92,	3.67,
5.10,	5.06,	5.02,	4.82,	4.41,	4.21,	4.19,	4.17,	4.07,	3.94,	3.70,
5.08,	5.02,	5.00,	4.83,	4.45,	4.25,	4.20,	4.17,	4.06,	3.94,	3.69,
5.07,	5.00,	5.03,	4.87,	4.49,	4.27,	4.18,	4.14,	4.03,	3.92,	3.70,
5.08,	4.99,	5.05,	4.90,	4.54,	4.32,	4.23,	4.18,	4.08,	3.96,	3.73,
5.04,	4.96,	5.02,	4.88,	4.53,	4.32,	4.26,	4.22,	4.11,	3.98,	3.72,
5.00,	4.95,	5.03,	4.89,	4.54,	4.32,	4.23,	4.18,	4.08,	3.95,	3.70,
4.94,	4.93,	4.98,	4.80,	4.45,	4.25,	4.18,	4.13,	4.02,	3.90,	3.64,
4.93,	4.93,	4.97,	4.78,	4.40,	4.20,	4.12,	4.07,	3.96,	3.83,	3.59,
4.95,	4.97,	4.92,	4.71,	4.31,	4.12,	4.11,	4.08,	3.98,	3.85,	3.57,
4.99,	4.97,	4.93,	4.70,	4.30,	4.12,	4.13,	4.10,	4.00,	3.87,	3.57,
4.99,	5.01,	4.95,	4.73,	4.32,	4.13,	4.12,	4.09,	4.00,	3.86,	3.58,
5.02,	5.02,	4.94,	4.72,	4.31,	4.14,	4.15,	4.13,	4.04,	3.90,	3.61,
5.02,	5.03,	4.94,	4.73,	4.34,	4.20,	4.25,	4.23,	4.14,	3.99,	3.68,
4.98,	4.98,	4.89,	4.70,	4.37,	4.28,	4.37,	4.36,	4.26,	4.10,	3.73,
4.95,	4.96,	4.88,	4.71,	4.41,	4.32,	4.41,	4.40,	4.31,	4.16,	3.82,
4.94,	4.91,	4.87,	4.71,	4.41,	4.33,	4.42,	4.41,	4.32,	4.17,	3.84,
4.93,	4.92,	4.89,	4.73,	4.41,	4.29,	4.35,	4.34,	4.26,	4.14,	3.85,
4.86,	4.83,	4.81,	4.63,	4.32,	4.24,	4.35,	4.36,	4.30,	4.18,	3.87,
4.83,	4.81,	4.75,	4.57,	4.27,	4.19,	4.33,	4.35,	4.30,	4.18,	3.85,
4.77,	4.73,	4.68,	4.51,	4.22,	4.16,	4.26,	4.26,	4.19,	4.07,	3.76,
4.74,	4.71,	4.67,	4.51,	4.23,	4.18,	4.33,	4.34,	4.29,	4.16,	3.83,
4.78,	4.76,	4.72,	4.55,	4.25,	4.17,	4.30,	4.31,	4.26,	4.16,	3.86,
4.77,	4.74,	4.71,	4.56,	4.28,	4.21,	4.32,	4.33,	4.28,	4.18,	3.89,
4.67,	4.64,	4.64,	4.51,	4.26,	4.21,	4.35,	4.37,	4.32,	4.21,	3.91,
4.65,	4.65,	4.66,	4.56,	4.34,	4.27,	4.33,	4.33,	4.27,	4.16,	3.91,
4.71,	4.68,	4.70,	4.61,	4.38,	4.31,	4.36,	4.35,	4.28,	4.18,	3.93,
4.72,	4.71,	4.77,	4.67,	4.43,	4.33,	4.33,	4.30,	4.21,	4.10,	3.85,
4.76,	4.77,	4.79,	4.66,	4.41,	4.34,	4.40,	4.38,	4.29,	4.17,	3.89,
4.77,	4.79,	4.83,	4.73,	4.52,	4.44,	4.47,	4.44,	4.34,	4.21,	3.92,
4.75,	4.78,	4.84,	4.75,	4.58,	4.53,	4.56,	4.52,	4.41,	4.26,	3.94,
4.72,	4.72,	4.79,	4.74,	4.65,	4.65,	4.66,	4.61,	4.47,	4.30,	3.97,
4.70,	4.70,	4.76,	4.71,	4.63,	4.66,	4.72,	4.68,	4.55,	4.38,	4.01,
4.70,	4.70,	4.82,	4.79,	4.69,	4.68,	4.69,	4.64,	4.51,	4.36,	4.02,
4.73,	4.73,	4.84,	4.80,	4.67,	4.65,	4.68,	4.64,	4.52,	4.36,	4.02,
4.70,	4.67,	4.79,	4.74,	4.60,	4.60,	4.65,	4.62,	4.49,	4.33,	3.96,
4.67,	4.65,	4.80,	4.75,	4.61,	4.60,	4.63,	4.59,	4.46,	4.30,	3.94,
4.72,	4.73,	4.85,	4.78,	4.62,	4.58,	4.60,	4.55,	4.42,	4.27,	3.94,
4.85,	4.87,	4.96,	4.87,	4.67,	4.60,	4.58,	4.52,	4.38,	4.22,	3.90,
4.88,	4.89,	5.02,	4.94,	4.74,	4.66,	4.62,	4.56,	4.42,	4.26,	3.95,
4.87,	4.93,	5.04,	4.96,	4.79,	4.73,	4.69,	4.63,	4.49,	4.33,	4.01,
4.87,	4.94,	5.10,	5.05,	4.91,	4.83,	4.75,	4.67,	4.51,	4.34,	4.03,
4.86,	4.93,	5.13,	5.11,	4.98,	4.90,	4.78,	4.70,	4.53,	4.36,	4.06,
4.83,	4.94,	5.13,	5.08,	4.93,	4.85,	4.72,	4.63,	4.46,	4.30,	4.03,
4.76,	4.85,	5.08,	5.04,	4.91,	4.84,	4.74,	4.66,	4.50,	4.34,	4.06,
4.77,	4.87,	5.09,	5.04,	4.88,	4.82,	4.74,	4.67,	4.52,	4.36,	4.09,
4.74,	4.85,	5.15,	5.09,	4.91,	4.82,	4.72,	4.65,	4.50,	4.36,	4.09,
4.75,	4.81,	5.11,	5.04,	4.86,	4.79,	4.74,	4.68,	4.54,	4.39,	4.10,
4.76,	4.85,	5.16,	5.11,	4.93,	4.84,	4.75,	4.68,	4.55,	4.40,	4.12,
4.84,	4.94,	5.23,	5.17,	4.99,	4.89,	4.80,	4.73,	4.59,	4.45,	4.17,
4.82,	4.92,	5.20,	5.14,	4.95,	4.86,	4.76,	4.69,	4.55,	4.40,	4.12,
4.83,	4.93,	5.17,	5.09,	4.90,	4.82,	4.74,	4.68,	4.54,	4.39,	4.09,
4.82,	4.91,	5.14,	5.06,	4.89,	4.82,	4.76,	4.69,	4.55,	4.39,	4.06,
4.77,	4.83,	5.07,	5.02,	4.87,	4.80,	4.72,	4.64,	4.48,	4.32,	4.00,
4.75,	4.81,	5.06,	5.02,	4.88,	4.81,	4.73,	4.65,	4.49,	4.32,	4.00,
4.74,	4.81,	5.04,	4.98,	4.83,	4.77,	4.70,	4.63,	4.47,	4.30,	3.97,
4.79,	4.87,	5.07,	5.00,	4.84,	4.79,	4.72,	4.64,	4.47,	4.30,	3.97,
4.84,	4.94,	5.12,	5.04,	4.89,	4.84,	4.78,	4.70,	4.54,	4.37,	4.05,
4.87,	5.00,	5.18,	5.10,	4.96,	4.90,	4.82,	4.74,	4.58,	4.41,	4.11,
4.89,	5.02,	5.18,	5.10,	4.95,	4.88,	4.79,	4.71,	4.54,	4.38,	4.10,
4.89,	5.02,	5.12,	5.05,	4.91,	4.84,	4.72,	4.64,	4.48,	4.33,	4.06,
4.96,	5.09,	5.16,	5.04,	4.88,	4.80,	4.67,	4.58,	4.42,	4.28,	4.03,
5.00,	5.19,	5.21,	5.06,	4.88,	4.79,	4.63,	4.53,	4.36,	4.20,	3.96,
5.06,	5.22,	5.21,	5.07,	4.88,	4.79,	4.63,	4.54,	4.37,	4.22,	3.99,
4.99,	5.21,	5.23,	5.08,	4.90,	4.82,	4.68,	4.58,	4.42,	4.27,	4.04,
4.97,	5.18,	5.30,	5.16,	4.98,	4.89,	4.74,	4.65,	4.48,	4.33,	4.11,
4.98,	5.22,	5.33,	5.18,	4.97,	4.88,	4.77,	4.68,	4.52,	4.36,	4.09,
4.99,	5.25,	5.35,	5.21,	5.02,	4.95,	4.86,	4.79,	4.63,	4.48,	4.21,
5.00,	5.25,	5.33,	5.18,	4.99,	4.95,	4.94,	4.89,	4.77,	4.61,	4.29,
4.99,	5.24,	5.33,	5.18,	4.99,	4.96,	4.96,	4.92,	4.80,	4.65,	4.34,
4.99,	5.21,	5.34,	5.21,	5.02,	4.98,	4.96,	4.91,	4.79,	4.65,	4.35,
4.94,	5.14,	5.25,	5.11,	4.94,	4.92,	4.97,	4.94,	4.83,	4.69,	4.36,
4.95,	5.13,	5.25,	5.13,	4.96,	4.95,	5.00,	4.97,	4.87,	4.74,	4.43,
4.99,	5.17,	5.19,	5.04,	4.87,	4.89,	4.98,	4.97,	4.89,	4.77,	4.44,
5.01,	5.19,	5.19,	5.05,	4.87,	4.86,	4.92,	4.90,	4.82,	4.70,	4.40,
5.04,	5.18,	5.21,	5.11,	4.96,	4.94,	4.97,	4.94,	4.85,	4.73,	4.44,
5.05,	5.22,	5.20,	5.12,	5.02,	5.03,	5.05,	5.02,	4.93,	4.80,	4.51,
5.09,	5.22,	5.16,	5.07,	4.97,	4.99,	5.02,	4.99,	4.90,	4.78,	4.48,
5.30,	5.54,	5.23,	5.10,	4.99,	5.02,	5.05,	5.02,	4.93,	4.81,	4.52,
5.38,	5.55,	5.27,	5.11,	4.97,	4.99,	5.05,	5.03,	4.95,	4.83,	4.54,
5.33,	5.49,	5.23,	5.04,	4.87,	4.91,	5.01,	5.00,	4.93,	4.82,	4.51,
5.24,	5.51,	5.22,	5.03,	4.86,	4.89,	4.97,	4.95,	4.87,	4.75,	4.45,
5.27,	5.45,	5.22,	5.04,	4.87,	4.88,	4.93,	4.91,	4.82,	4.70,	4.42,
5.30,	5.50,	5.24,	5.06,	4.87,	4.85,	4.87,	4.84,	4.75,	4.64,	4.38,
5.32,	5.55,	5.26,	5.07,	4.87,	4.84,	4.85,	4.81,	4.72,	4.61,	4.38,
5.32,	5.52,	5.29,	5.12,	4.92,	4.87,	4.83,	4.78,	4.67,	4.56,	4.33,
5.27,	5.44,	5.22,	5.04,	4.85,	4.81,	4.79,	4.74,	4.64,	4.52,	4.29,
5.22,	5.40,	5.19,	5.02,	4.83,	4.79,	4.78,	4.73,	4.63,	4.51,	4.26,
5.21,	5.38,	5.23,	5.08,	4.89,	4.84,	4.80,	4.75,	4.64,	4.53,	4.29,
5.21,	5.41,	5.28,	5.11,	4.91,	4.86,	4.82,	4.77,	4.66,	4.55,	4.31,
5.27,	5.53,	5.37,	5.18,	4.98,	4.93,	4.90,	4.85,	4.74,	4.63,	4.39,
5.33,	5.58,	5.43,	5.24,	5.00,	4.92,	4.85,	4.80,	4.70,	4.59,	4.36,
5.31,	5.56,	5.42,	5.26,	5.05,	4.98,	4.93,	4.87,	4.77,	4.65,	4.40,
5.31,	5.54,	5.44,	5.29,	5.11,	5.02,	4.90,	4.84,	4.73,	4.62,	4.40,
5.31,	5.53,	5.42,	5.27,	5.07,	4.97,	4.85,	4.79,	4.68,	4.57,	4.36,
5.27,	5.51,	5.45,	5.29,	5.06,	4.93,	4.81,	4.75,	4.65,	4.55,	4.33,
5.18,	5.37,	5.32,	5.17,	4.93,	4.81,	4.71,	4.66,	4.56,	4.45,	4.22,
5.19,	5.39,	5.36,	5.22,	4.99,	4.87,	4.77,	4.71,	4.61,	4.50,	4.26,
5.17,	5.36,	5.34,	5.20,	4.96,	4.84,	4.75,	4.70,	4.60,	4.48,	4.22,
5.11,	5.26,	5.25,	5.11,	4.89,	4.77,	4.68,	4.63,	4.52,	4.40,	4.14,
5.19,	5.31,	5.27,	5.13,	4.90,	4.78,	4.69,	4.64,	4.54,	4.42,	4.15,
5.19,	5.34,	5.31,	5.18,	4.94,	4.82,	4.73,	4.67,	4.57,	4.45,	4.18,
5.18,	5.32,	5.30,	5.15,	4.91,	4.80,	4.74,	4.69,	4.59,	4.47,	4.18,
5.20,	5.36,	5.31,	5.14,	4.89,	4.77,	4.70,	4.65,	4.56,	4.44,	4.16,
5.18,	5.37,	5.28,	5.10,	4.84,	4.74,	4.69,	4.65,	4.56,	4.44,	4.15,
5.20,	5.43,	5.31,	5.11,	4.84,	4.74,	4.71,	4.67,	4.59,	4.47,	4.18,
5.16,	5.38,	5.25,	5.05,	4.77,	4.69,	4.69,	4.66,	4.57,	4.45,	4.14,
5.13,	5.32,	5.25,	5.05,	4.79,	4.70,	4.68,	4.65,	4.56,	4.44,	4.15,
5.11,	5.31,	5.25,	5.06,	4.80,	4.71,	4.71,	4.68,	4.60,	4.49,	4.18,
5.11,	5.30,	5.27,	5.08,	4.82,	4.72,	4.71,	4.68,	4.60,	4.49,	4.18,
5.06,	5.26,	5.27,	5.10,	4.86,	4.76,	4.68,	4.63,	4.53,	4.42,	4.14,
5.02,	5.20,	5.24,	5.08,	4.84,	4.74,	4.67,	4.62,	4.53,	4.41,	4.14,
4.99,	5.17,	5.23,	5.07,	4.82,	4.71,	4.62,	4.57,	4.47,	4.36,	4.10,
4.96,	5.13,	5.22,	5.06,	4.81,	4.69,	4.59,	4.54,	4.44,	4.33,	4.07,
5.00,	5.20,	5.25,	5.09,	4.83,	4.71,	4.61,	4.55,	4.44,	4.33,	4.07,
4.85,	5.10,	5.31,	5.18,	4.95,	4.82,	4.70,	4.63,	4.52,	4.40,	4.13,
4.74,	5.01,	5.28,	5.16,	4.94,	4.82,	4.70,	4.63,	4.52,	4.38,	4.07,
4.71,	4.98,	5.24,	5.12,	4.90,	4.79,	4.68,	4.62,	4.50,	4.37,	4.06,
4.72,	5.00,	5.22,	5.09,	4.87,	4.75,	4.63,	4.57,	4.46,	4.33,	4.01,
4.70,	4.99,	5.15,	5.01,	4.79,	4.67,	4.54,	4.48,	4.35,	4.21,	3.90,
4.64,	4.91,	5.08,	4.96,	4.74,	4.62,	4.50,	4.44,	4.31,	4.18,	3.85,
4.59,	4.87,	5.06,	4.93,	4.71,	4.61,	4.54,	4.48,	4.37,	4.22,	3.87,
4.57,	4.83,	5.05,	4.93,	4.72,	4.61,	4.51,	4.45,	4.33,	4.19,	3.84,
4.63,	4.90,	5.12,	4.99,	4.75,	4.65,	4.56,	4.51,	4.39,	4.24,	3.89,
4.77,	5.07,	5.17,	4.98,	4.72,	4.61,	4.54,	4.49,	4.37,	4.23,	3.89,
4.81,	5.12,	5.14,	4.94,	4.66,	4.59,	4.56,	4.50,	4.33,	4.13,	3.72,
4.72,	5.01,	5.06,	4.87,	4.60,	4.53,	4.49,	4.42,	4.25,	4.05,	3.64,
4.78,	5.04,	5.09,	4.89,	4.62,	4.55,	4.53,	4.46,	4.30,	4.10,	3.70,
4.80,	5.08,	5.10,	4.90,	4.63,	4.57,	4.55,	4.49,	4.33,	4.13,	3.72,
4.82,	5.08,	5.12,	4.93,	4.67,	4.59,	4.55,	4.48,	4.30,	4.10,	3.71,
4.78,	5.03,	5.11,	4.94,	4.68,	4.59,	4.53,	4.45,	4.27,	4.07,	3.67,
4.83,	5.05,	5.14,	4.98,	4.73,	4.63,	4.54,	4.45,	4.25,	4.04,	3.63,
4.78,	5.00,	5.04,	4.87,	4.63,	4.57,	4.53,	4.45,	4.26,	4.03,	3.59,
4.73,	4.97,	5.06,	4.88,	4.63,	4.58,	4.57,	4.50,	4.30,	4.06,	3.56,
4.69,	4.88,	5.03,	4.88,	4.63,	4.59,	4.59,	4.53,	4.33,	4.09,	3.58,
4.69,	4.88,	5.08,	4.95,	4.73,	4.67,	4.64,	4.56,	4.36,	4.12,	3.61,
4.63,	4.83,	5.07,	4.97,	4.77,	4.71,	4.66,	4.59,	4.39,	4.15,	3.65,
4.77,	5.02,	5.21,	5.11,	4.91,	4.84,	4.78,	4.70,	4.50,	4.26,	3.77,
4.77,	5.01,	5.23,	5.14,	4.95,	4.90,	4.85,	4.77,	4.57,	4.32,	3.81,
4.67,	4.93,	5.20,	5.12,	4.95,	4.89,	4.84,	4.75,	4.55,	4.30,	3.77,
4.55,	4.79,	5.13,	5.06,	4.88,	4.82,	4.76,	4.68,	4.48,	4.23,	3.70,
4.52,	4.79,	5.12,	5.06,	4.89,	4.83,	4.78,	4.70,	4.49,	4.25,	3.73,
4.40,	4.65,	5.08,	5.03,	4.88,	4.83,	4.80,	4.73,	4.53,	4.29,	3.77,
4.22,	4.49,	5.06,	5.06,	4.97,	4.95,	4.90,	4.82,	4.62,	4.38,	3.88,
4.26,	4.56,	5.11,	5.09,	4.98,	4.97,	4.97,	4.90,	4.70,	4.46,	3.96,
4.15,	4.45,	5.02,	5.00,	4.91,	4.94,	5.00,	4.95,	4.78,	4.55,	4.03,
4.24,	4.55,	5.05,	5.03,	4.94,	4.97,	5.02,	4.97,	4.80,	4.58,	4.06,
4.20,	4.55,	5.08,	5.04,	4.94,	4.96,	5.08,	5.05,	4.91,	4.68,	4.13,
4.22,	4.56,	5.10,	5.07,	4.98,	5.01,	5.11,	5.09,	4.94,	4.72,	4.18,
4.23,	4.60,	5.12,	5.09,	4.99,	5.00,	5.08,	5.05,	4.92,	4.71,	4.21,
4.16,	4.53,	5.12,	5.11,	5.02,	5.00,	5.04,	5.01,	4.87,	4.67,	4.19,
4.14,	4.53,	5.16,	5.16,	5.06,	5.03,	5.06,	5.03,	4.89,	4.68,	4.20,
4.12,	4.51,	5.16,	5.15,	5.05,	5.04,	5.10,	5.08,	4.94,	4.74,	4.24,
4.17,	4.53,	5.12,	5.09,	4.96,	4.94,	4.98,	4.95,	4.82,	4.61,	4.13,
4.14,	4.50,	5.11,	5.08,	4.93,	4.89,	4.93,	4.90,	4.77,	4.56,	4.08,
4.18,	4.55,	5.14,	5.10,	4.94,	4.88,	4.89,	4.85,	4.72,	4.53,	4.07,
4.23,	4.59,	5.14,	5.10,	4.94,	4.90,	4.93,	4.90,	4.76,	4.56,	4.09,
4.24,	4.53,	5.07,	5.04,	4.92,	4.94,	5.04,	5.03,	4.90,	4.69,	4.16,
4.15,	4.45,	4.99,	4.97,	4.87,	4.90,	5.02,	5.00,	4.87,	4.66,	4.12,
4.15,	4.44,	4.98,	4.96,	4.87,	4.92,	5.04,	5.02,	4.89,	4.68,	4.17,
4.16,	4.45,	4.97,	4.95,	4.86,	4.91,	5.03,	5.01,	4.87,	4.66,	4.17,
4.17,	4.45,	4.94,	4.89,	4.77,	4.80,	4.89,	4.86,	4.72,	4.51,	4.04,
4.24,	4.58,	5.00,	4.94,	4.81,	4.84,	4.94,	4.92,	4.78,	4.57,	4.08,
4.27,	4.62,	5.03,	4.95,	4.78,	4.79,	4.90,	4.88,	4.75,	4.55,	4.07,
4.30,	4.67,	5.10,	5.02,	4.83,	4.79,	4.85,	4.82,	4.69,	4.49,	4.03,
4.27,	4.64,	5.09,	5.01,	4.82,	4.78,	4.85,	4.82,	4.68,	4.48,	4.01,
4.22,	4.55,	5.03,	4.95,	4.76,	4.71,	4.75,	4.72,	4.57,	4.37,	3.92,
4.20,	4.53,	5.03,	4.95,	4.76,	4.71,	4.74,	4.70,	4.55,	4.34,	3.89,
4.15,	4.49,	5.04,	4.98,	4.81,	4.76,	4.77,	4.72,	4.56,	4.35,	3.89,
4.14,	4.50,	5.04,	4.97,	4.80,	4.76,	4.79,	4.74,	4.58,	4.37,	3.90,
4.08,	4.46,	5.03,	4.97,	4.80,	4.77,	4.81,	4.76,	4.61,	4.39,	3.92,
4.05,	4.41,	5.02,	4.97,	4.81,	4.79,	4.83,	4.79,	4.63,	4.41,	3.92,
4.04,	4.44,	5.03,	4.98,	4.84,	4.82,	4.86,	4.82,	4.66,	4.43,	3.93,
3.94,	4.32,	4.97,	4.93,	4.78,	4.77,	4.83,	4.79,	4.63,	4.41,	3.90,
3.87,	4.22,	4.92,	4.89,	4.74,	4.72,	4.77,	4.73,	4.57,	4.35,	3.84,
3.90,	4.26,	4.94,	4.90,	4.73,	4.70,	4.73,	4.68,	4.51,	4.29,	3.79,
3.88,	4.23,	4.89,	4.84,	4.67,	4.63,	4.65,	4.60,	4.43,	4.19,	3.67,
3.81,	4.12,	4.80,	4.76,	4.61,	4.58,	4.62,	4.57,	4.40,	4.16,	3.64,
3.83,	4.12,	4.79,	4.74,	4.54,	4.48,	4.50,	4.45,	4.28,	4.05,	3.52,
3.79,	4.07,	4.72,	4.65,	4.43,	4.35,	4.38,	4.34,	4.18,	3.95,	3.42,
3.78,	4.08,	4.78,	4.72,	4.50,	4.41,	4.39,	4.34,	4.17,	3.95,	3.45,
3.60,	3.93,	4.74,	4.68,	4.45,	4.37,	4.38,	4.33,	4.17,	3.95,	3.45,
3.67,	4.00,	4.72,	4.66,	4.44,	4.37,	4.38,	4.33,	4.17,	3.95,	3.45,
3.59,	3.90,	4.68,	4.64,	4.45,	4.40,	4.42,	4.37,	4.21,	3.98,	3.47,
3.57,	3.90,	4.70,	4.69,	4.50,	4.41,	4.38,	4.32,	4.14,	3.92,	3.43,
3.54,	3.87,	4.68,	4.67,	4.48,	4.39,	4.37,	4.31,	4.13,	3.91,	3.42,
3.47,	3.81,	4.68,	4.67,	4.48,	4.38,	4.33,	4.27,	4.09,	3.87,	3.40,
3.58,	3.94,	4.80,	4.79,	4.60,	4.49,	4.42,	4.36,	4.18,	3.96,	3.48,
3.71,	4.10,	4.88,	4.83,	4.61,	4.50,	4.46,	4.40,	4.23,	4.01,	3.53,
3.88,	4.30,	4.98,	4.90,	4.65,	4.53,	4.49,	4.43,	4.26,	4.05,	3.60,
3.91,	4.31,	4.97,	4.90,	4.65,	4.53,	4.46,	4.39,	4.22,	4.01,	3.57,
3.88,	4.28,	4.94,	4.89,	4.67,	4.57,	4.51,	4.45,	4.27,	4.06,	3.61,
3.85,	4.26,	4.92,	4.89,	4.70,	4.62,	4.57,	4.50,	4.32,	4.10,	3.64,
3.93,	4.37,	4.99,	4.94,	4.74,	4.66,	4.64,	4.58,	4.40,	4.18,	3.70,
3.92,	4.38,	4.99,	4.94,	4.74,	4.67,	4.65,	4.59,	4.42,	4.19,	3.70,
3.88,	4.36,	4.97,	4.92,	4.72,	4.65,	4.65,	4.59,	4.43,	4.21,	3.72,
3.86,	4.34,	4.94,	4.88,	4.68,	4.61,	4.60,	4.55,	4.38,	4.17,	3.68,
4.00,	4.60,	5.05,	4.94,	4.70,	4.59,	4.55,	4.49,	4.33,	4.13,	3.69,
3.98,	4.51,	4.98,	4.89,	4.66,	4.55,	4.47,	4.39,	4.22,	4.02,	3.63,
3.92,	4.47,	4.96,	4.86,	4.62,	4.52,	4.48,	4.41,	4.25,	4.05,	3.65,
3.86,	4.38,	4.93,	4.84,	4.62,	4.53,	4.49,	4.42,	4.24,	4.03,	3.62,
3.81,	4.30,	4.88,	4.82,	4.63,	4.55,	4.50,	4.43,	4.25,	4.03,	3.61,
3.82,	4.28,	4.87,	4.81,	4.63,	4.56,	4.52,	4.45,	4.26,	4.04,	3.61,
4.00,	4.54,	5.00,	4.92,	4.74,	4.66,	4.60,	4.51,	4.32,	4.10,	3.68,
4.09,	4.64,	5.10,	5.00,	4.78,	4.67,	4.55,	4.45,	4.23,	4.00,	3.61,
4.15,	4.76,	5.23,	5.13,	4.92,	4.83,	4.72,	4.62,	4.40,	4.18,	3.77,
4.12,	4.73,	5.18,	5.09,	4.90,	4.83,	4.73,	4.64,	4.42,	4.19,	3.78,
4.05,	4.69,	5.15,	5.06,	4.87,	4.80,	4.72,	4.62,	4.41,	4.18,	3.75,
3.99,	4.56,	5.05,	4.95,	4.75,	4.67,	4.58,	4.49,	4.28,	4.05,	3.64,
4.03,	4.65,	5.07,	4.96,	4.73,	4.62,	4.51,	4.41,	4.20,	3.98,	3.61,
4.13,	4.75,	5.09,	4.93,	4.68,	4.58,	4.49,	4.40,	4.20,	3.99,	3.61,
4.15,	4.76,	5.14,	5.01,	4.77,	4.67,	4.58,	4.49,	4.28,	4.06,	3.67,
4.13,	4.74,	5.14,	5.01,	4.77,	4.67,	4.58,	4.49,	4.29,	4.07,	3.67,
4.09,	4.69,	5.11,	4.98,	4.72,	4.60,	4.50,	4.41,	4.22,	4.01,	3.62,
4.09,	4.69,	5.13,	5.00,	4.75,	4.62,	4.52,	4.43,	4.23,	4.02,	3.63,
4.14,	4.76,	5.18,	5.05,	4.79,	4.67,	4.56,	4.47,	4.27,	4.06,	3.67,
4.10,	4.72,	5.13,	5.00,	4.75,	4.63,	4.52,	4.43,	4.24,	4.02,	3.63,
4.23,	4.87,	5.27,	5.15,	4.89,	4.74,	4.61,	4.52,	4.33,	4.12,	3.75,
4.23,	4.88,	5.32,	5.19,	4.93,	4.78,	4.63,	4.53,	4.34,	4.14,	3.78,
4.28,	4.91,	5.35,	5.23,	4.97,	4.81,	4.66,	4.56,	4.37,	4.16,	3.80,
4.22,	4.84,	5.27,	5.16,	4.91,	4.76,	4.62,	4.53,	4.34,	4.15,	3.78,
4.10,	4.70,	5.22,	5.12,	4.89,	4.80,	4.73,	4.64,	4.43,	4.20,	3.73,
4.23,	4.85,	5.24,	5.13,	4.90,	4.81,	4.75,	4.66,	4.46,	4.22,	3.76,
4.29,	4.87,	5.13,	4.99,	4.79,	4.73,	4.69,	4.61,	4.40,	4.16,	3.68,
4.32,	4.89,	5.11,	4.98,	4.80,	4.77,	4.74,	4.67,	4.46,	4.22,	3.73,
4.39,	5.00,	5.16,	5.00,	4.81,	4.78,	4.78,	4.71,	4.51,	4.26,	3.77,
4.36,	4.95,	5.10,	4.95,	4.76,	4.74,	4.74,	4.67,	4.47,	4.23,	3.75,
4.38,	4.97,	5.11,	4.93,	4.71,	4.69,	4.69,	4.62,	4.43,	4.19,	3.71,
4.27,	4.84,	5.06,	4.89,	4.69,	4.68,	4.70,	4.63,	4.43,	4.19,	3.70,
4.27,	4.86,	5.06,	4.88,	4.68,	4.67,	4.69,	4.62,	4.42,	4.18,	3.68,
4.22,	4.79,	5.02,	4.85,	4.64,	4.63,	4.65,	4.58,	4.38,	4.14,	3.64,
4.20,	4.72,	5.03,	4.88,	4.70,	4.69,	4.70,	4.63,	4.42,	4.17,	3.67,
4.17,	4.69,	5.06,	4.93,	4.75,	4.73,	4.72,	4.64,	4.43,	4.18,	3.68,
4.13,	4.61,	5.00,	4.89,	4.73,	4.72,	4.68,	4.60,	4.38,	4.13,	3.64,
4.17,	4.68,	5.04,	4.93,	4.76,	4.72,	4.65,	4.56,	4.34,	4.09,	3.63,
4.13,	4.62,	5.00,	4.92,	4.79,	4.76,	4.70,	4.60,	4.37,	4.11,	3.64,
4.21,	4.73,	5.08,	4.99,	4.86,	4.83,	4.75,	4.65,	4.42,	4.16,	3.69,
4.33,	4.92,	5.17,	5.06,	4.92,	4.88,	4.79,	4.69,	4.45,	4.20,	3.73,
4.33,	4.89,	5.17,	5.05,	4.87,	4.83,	4.79,	4.69,	4.46,	4.19,	3.70,
4.30,	4.86,	5.15,	5.02,	4.85,	4.82,	4.78,	4.68,	4.45,	4.18,	3.68,
4.26,	4.84,	5.11,	4.96,	4.78,	4.76,	4.75,	4.66,	4.43,	4.16,	3.65,
4.32,	4.87,	5.07,	4.90,	4.69,	4.67,	4.68,	4.60,	4.38,	4.11,	3.60,
4.31,	4.86,	5.06,	4.89,	4.67,	4.63,	4.63,	4.55,	4.33,	4.07,	3.59,
4.27,	4.77,	5.02,	4.85,	4.63,	4.60,	4.59,	4.51,	4.29,	4.03,	3.55,
4.26,	4.72,	4.98,	4.82,	4.62,	4.60,	4.62,	4.54,	4.32,	4.06,	3.56,
4.20,	4.70,	5.01,	4.87,	4.67,	4.66,	4.68,	4.60,	4.39,	4.13,	3.63,
4.27,	4.82,	5.15,	5.01,	4.81,	4.79,	4.80,	4.71,	4.49,	4.23,	3.72,
4.26,	4.76,	5.13,	5.00,	4.81,	4.79,	4.77,	4.69,	4.46,	4.20,	3.69,
4.28,	4.77,	5.13,	5.01,	4.83,	4.81,	4.80,	4.71,	4.48,	4.20,	3.68,
4.44,	4.97,	5.22,	5.06,	4.84,	4.80,	4.78,	4.70,	4.48,	4.22,	3.73,
4.42,	4.95,	5.21,	5.06,	4.86,	4.82,	4.80,	4.71,	4.49,	4.23,	3.74,
4.39,	4.90,	5.18,	5.04,	4.81,	4.72,	4.66,	4.60,	4.44,	4.25,	3.83,
4.38,	4.84,	5.10,	4.96,	4.73,	4.66,	4.63,	4.57,	4.42,	4.21,	3.77,
4.33,	4.86,	5.10,	4.95,	4.71,	4.65,	4.63,	4.57,	4.42,	4.22,	3.77,
4.31,	4.82,	5.12,	4.98,	4.77,	4.71,	4.68,	4.63,	4.47,	4.27,	3.82,
4.27,	4.79,	5.13,	5.01,	4.82,	4.76,	4.72,	4.66,	4.50,	4.29,	3.84,
4.25,	4.79,	5.15,	5.05,	4.86,	4.80,	4.75,	4.69,	4.52,	4.32,	3.87,
4.24,	4.74,	5.11,	5.00,	4.81,	4.75,	4.71,	4.64,	4.48,	4.28,	3.83,
4.26,	4.78,	5.13,	5.02,	4.83,	4.78,	4.75,	4.69,	4.53,	4.32,	3.86,
4.29,	4.80,	5.17,	5.07,	4.90,	4.84,	4.78,	4.72,	4.56,	4.36,	3.93,
4.27,	4.82,	5.17,	5.05,	4.87,	4.81,	4.77,	4.71,	4.55,	4.35,	3.91,
4.25,	4.81,	5.17,	5.06,	4.88,	4.82,	4.77,	4.71,	4.55,	4.35,	3.91,
4.31,	4.89,	5.23,	5.11,	4.92,	4.86,	4.81,	4.75,	4.60,	4.41,	3.97,
4.36,	4.96,	5.24,	5.10,	4.89,	4.82,	4.78,	4.72,	4.58,	4.39,	3.92,
4.41,	5.01,	5.31,	5.17,	4.96,	4.88,	4.84,	4.78,	4.64,	4.46,	3.98,
4.41,	5.00,	5.35,	5.24,	5.05,	4.96,	4.90,	4.84,	4.70,	4.51,	4.04,
4.50,	5.13,	5.42,	5.28,	5.06,	4.97,	4.90,	4.84,	4.70,	4.51,	4.06,
4.52,	5.17,	5.40,	5.26,	5.05,	4.96,	4.87,	4.81,	4.66,	4.47,	4.06,
4.53,	5.14,	5.38,	5.24,	5.03,	4.94,	4.89,	4.83,	4.70,	4.51,	4.04,
4.50,	5.12,	5.39,	5.26,	5.05,	4.97,	4.92,	4.88,	4.74,	4.55,	4.08,
4.51,	5.14,	5.42,	5.30,	5.09,	5.00,	4.95,	4.89,	4.76,	4.57,	4.10,
4.52,	5.14,	5.45,	5.35,	5.15,	5.05,	4.98,	4.92,	4.78,	4.59,	4.13,
4.56,	5.18,	5.45,	5.32,	5.11,	5.01,	4.94,	4.88,	4.75,	4.56,	4.10,
4.57,	5.16,	5.43,	5.31,	5.12,	5.02,	4.90,	4.82,	4.67,	4.48,	4.06,
4.51,	5.14,	5.44,	5.32,	5.14,	5.06,	4.93,	4.85,	4.70,	4.51,	4.09,
4.53,	5.17,	5.47,	5.36,	5.18,	5.10,	4.98,	4.90,	4.74,	4.55,	4.13,
4.62,	5.24,	5.50,	5.37,	5.17,	5.08,	4.99,	4.92,	4.78,	4.59,	4.16,
4.64,	5.26,	5.52,	5.38,	5.17,	5.07,	4.97,	4.90,	4.75,	4.57,	4.14,
4.65,	5.28,	5.55,	5.40,	5.18,	5.08,	4.97,	4.90,	4.75,	4.57,	4.14,
4.65,	5.24,	5.52,	5.37,	5.15,	5.06,	4.97,	4.90,	4.75,	4.57,	4.13,
4.60,	5.20,	5.46,	5.30,	5.08,	5.00,	4.90,	4.84,	4.69,	4.51,	4.08,
4.63,	5.24,	5.52,	5.37,	5.16,	5.09,	5.01,	4.95,	4.81,	4.63,	4.19,
4.65,	5.26,	5.52,	5.37,	5.15,	5.07,	5.00,	4.94,	4.79,	4.61,	4.17,
4.60,	5.19,	5.46,	5.31,	5.09,	5.01,	4.94,	4.87,	4.73,	4.55,	4.12,
4.56,	5.13,	5.41,	5.26,	5.03,	4.95,	4.88,	4.83,	4.69,	4.51,	4.08,
4.57,	5.09,	5.43,	5.29,	5.07,	4.99,	4.92,	4.86,	4.72,	4.54,	4.10,
4.53,	5.07,	5.44,	5.32,	5.11,	5.03,	4.96,	4.90,	4.76,	4.58,	4.15,
4.54,	5.09,	5.46,	5.33,	5.12,	5.04,	4.98,	4.92,	4.78,	4.61,	4.17,
4.55,	5.11,	5.47,	5.35,	5.15,	5.08,	5.00,	4.94,	4.81,	4.63,	4.20,
4.51,	5.05,	5.40,	5.28,	5.07,	5.00,	4.93,	4.87,	4.74,	4.56,	4.13,
4.48,	5.00,	5.41,	5.29,	5.09,	5.01,	4.93,	4.88,	4.74,	4.57,	4.13,
4.47,	4.98,	5.38,	5.26,	5.07,	4.99,	4.91,	4.86,	4.72,	4.54,	4.11,
4.54,	5.07,	5.47,	5.35,	5.14,	5.05,	4.97,	4.91,	4.77,	4.60,	4.18,
4.55,	5.06,	5.47,	5.35,	5.14,	5.05,	4.97,	4.91,	4.78,	4.61,	4.19,
4.51,	5.05,	5.50,	5.40,	5.19,	5.10,	5.00,	4.93,	4.80,	4.62,	4.21,
4.50,	5.06,	5.51,	5.40,	5.20,	5.10,	5.00,	4.94,	4.80,	4.63,	4.21,
4.46,	4.98,	5.47,	5.37,	5.17,	5.07,	4.98,	4.92,	4.78,	4.61,	4.19,
4.47,	5.03,	5.51,	5.41,	5.20,	5.11,	5.01,	4.95,	4.82,	4.65,	4.23,
4.47,	5.01,	5.47,	5.37,	5.17,	5.08,	4.99,	4.93,	4.80,	4.63,	4.21,
4.42,	4.93,	5.42,	5.32,	5.11,	5.02,	4.93,	4.87,	4.74,	4.57,	4.17,
4.35,	4.88,	5.38,	5.28,	5.08,	5.00,	4.91,	4.85,	4.72,	4.56,	4.16,
4.41,	4.90,	5.45,	5.35,	5.15,	5.05,	4.95,	4.89,	4.77,	4.61,	4.22,
4.42,	4.92,	5.44,	5.33,	5.14,	5.05,	4.98,	4.92,	4.80,	4.64,	4.25,
4.40,	4.91,	5.40,	5.29,	5.09,	5.01,	4.93,	4.88,	4.76,	4.60,	4.20,
4.44,	5.00,	5.47,	5.35,	5.14,	5.06,	4.98,	4.93,	4.81,	4.64,	4.24,
4.47,	4.96,	5.40,	5.29,	5.09,	5.01,	4.94,	4.89,	4.76,	4.60,	4.20,
4.39,	4.92,	5.40,	5.28,	5.09,	5.01,	4.95,	4.89,	4.77,	4.62,	4.22,
4.42,	4.96,	5.45,	5.34,	5.15,	5.07,	4.98,	4.93,	4.80,	4.65,	4.26,
4.47,	5.00,	5.49,	5.38,	5.18,	5.09,	5.00,	4.94,	4.82,	4.66,	4.28,
4.50,	5.01,	5.50,	5.39,	5.19,	5.11,	5.02,	4.96,	4.83,	4.68,	4.29,
4.45,	4.99,	5.51,	5.40,	5.22,	5.13,	5.04,	4.98,	4.86,	4.70,	4.31,
4.49,	5.06,	5.55,	5.44,	5.24,	5.14,	5.03,	4.97,	4.84,	4.68,	4.31,
4.57,	5.14,	5.53,	5.41,	5.21,	5.12,	5.03,	4.97,	4.84,	4.69,	4.31,
4.56,	5.11,	5.52,	5.41,	5.23,	5.13,	5.03,	4.98,	4.87,	4.72,	4.35,
4.60,	5.17,	5.55,	5.45,	5.28,	5.18,	5.09,	5.04,	4.93,	4.78,	4.41,
4.57,	5.14,	5.46,	5.35,	5.20,	5.12,	5.04,	4.99,	4.88,	4.74,	4.37,
4.57,	5.11,	5.45,	5.35,	5.20,	5.12,	5.04,	4.99,	4.88,	4.74,	4.36,
4.51,	5.05,	5.45,	5.36,	5.21,	5.14,	5.06,	5.01,	4.90,	4.75,	4.38,
4.56,	5.06,	5.44,	5.34,	5.19,	5.10,	5.02,	4.97,	4.87,	4.73,	4.35,
4.56,	5.04,	5.44,	5.34,	5.19,	5.10,	5.02,	4.97,	4.86,	4.72,	4.36,
4.54,	5.04,	5.51,	5.43,	5.29,	5.21,	5.11,	5.03,	4.88,	4.71,	4.41,
4.54,	5.02,	5.46,	5.38,	5.25,	5.17,	5.07,	5.01,	4.90,	4.75,	4.39,
4.50,	5.00,	5.46,	5.37,	5.23,	5.16,	5.10,	5.05,	4.94,	4.79,	4.42,
4.53,	5.02,	5.44,	5.35,	5.21,	5.15,	5.10,	5.05,	4.94,	4.79,	4.41,
4.57,	5.08,	5.45,	5.36,	5.23,	5.17,	5.12,	5.07,	4.96,	4.81,	4.43,
4.54,	4.98,	5.41,	5.33,	5.19,	5.14,	5.09,	5.05,	4.94,	4.78,	4.40,
4.51,	4.93,	5.40,	5.33,	5.21,	5.15,	5.09,	5.05,	4.93,	4.77,	4.39,
4.49,	4.92,	5.41,	5.35,	5.23,	5.18,	5.12,	5.07,	4.95,	4.79,	4.41,
4.51,	4.94,	5.38,	5.31,	5.19,	5.14,	5.08,	5.03,	4.92,	4.77,	4.39,
4.54,	4.99,	5.40,	5.32,	5.20,	5.15,	5.10,	5.06,	4.95,	4.79,	4.41,
4.54,	4.98,	5.38,	5.30,	5.18,	5.14,	5.10,	5.05,	4.94,	4.79,	4.40,
4.49,	4.92,	5.25,	5.16,	5.04,	5.00,	4.97,	4.93,	4.82,	4.67,	4.29,
4.46,	4.88,	5.19,	5.09,	4.96,	4.94,	4.92,	4.88,	4.77,	4.62,	4.24,
4.50,	4.92,	5.19,	5.09,	4.95,	4.93,	4.92,	4.89,	4.80,	4.65,	4.27,
4.47,	4.89,	5.18,	5.07,	4.93,	4.90,	4.90,	4.86,	4.77,	4.62,	4.24,
4.43,	4.87,	5.15,	5.04,	4.89,	4.87,	4.86,	4.83,	4.73,	4.59,	4.22,
4.42,	4.87,	5.20,	5.09,	4.95,	4.90,	4.87,	4.84,	4.74,	4.61,	4.26,
4.41,	4.87,	5.22,	5.12,	4.96,	4.89,	4.84,	4.80,	4.70,	4.57,	4.22,
4.39,	4.80,	5.16,	5.05,	4.87,	4.79,	4.74,	4.70,	4.61,	4.48,	4.16,
4.43,	4.88,	5.27,	5.14,	4.93,	4.82,	4.76,	4.72,	4.64,	4.52,	4.22,
4.32,	4.77,	5.19,	5.06,	4.84,	4.72,	4.64,	4.59,	4.50,	4.39,	4.10,
4.34,	4.77,	5.20,	5.06,	4.83,	4.71,	4.63,	4.58,	4.49,	4.38,	4.11,
4.38,	4.83,	5.24,	5.11,	4.91,	4.80,	4.72,	4.67,	4.59,	4.47,	4.20,
4.36,	4.81,	5.24,	5.13,	4.93,	4.82,	4.73,	4.68,	4.58,	4.46,	4.19,
4.34,	4.80,	5.23,	5.12,	4.94,	4.84,	4.75,	4.71,	4.61,	4.49,	4.22,
4.29,	4.76,	5.23,	5.16,	5.01,	4.88,	4.75,	4.69,	4.60,	4.48,	4.23,
4.33,	4.81,	5.26,	5.19,	5.05,	4.92,	4.78,	4.73,	4.63,	4.51,	4.25,
4.38,	4.88,	5.34,	5.25,	5.07,	4.95,	4.83,	4.78,	4.69,	4.58,	4.31,
4.38,	4.87,	5.35,	5.26,	5.10,	4.98,	4.86,	4.82,	4.72,	4.60,	4.32,
4.35,	4.83,	5.35,	5.27,	5.10,	4.97,	4.85,	4.80,	4.70,	4.59,	4.31,
4.28,	4.77,	5.29,	5.21,	5.04,	4.92,	4.80,	4.75,	4.65,	4.53,	4.26,
4.21,	4.69,	5.21,	5.13,	4.97,	4.86,	4.74,	4.68,	4.58,	4.46,	4.18,
4.17,	4.68,	5.18,	5.09,	4.93,	4.82,	4.70,	4.65,	4.54,	4.42,	4.13,
4.12,	4.57,	5.15,	5.07,	4.91,	4.79,	4.67,	4.61,	4.50,	4.38,	4.09,
4.04,	4.42,	5.16,	5.12,	4.99,	4.86,	4.71,	4.64,	4.52,	4.39,	4.10,
4.06,	4.52,	5.22,	5.17,	5.05,	4.94,	4.80,	4.74,	4.62,	4.48,	4.17,
4.06,	4.55,	5.20,	5.14,	5.01,	4.91,	4.80,	4.74,	4.63,	4.48,	4.15,
4.00,	4.45,	5.17,	5.11,	4.98,	4.87,	4.75,	4.69,	4.57,	4.42,	4.10,
3.94,	4.38,	5.13,	5.10,	4.98,	4.87,	4.73,	4.66,	4.54,	4.39,	4.07,
3.95,	4.38,	5.16,	5.12,	4.99,	4.89,	4.75,	4.68,	4.56,	4.42,	4.10,
3.75,	4.20,	5.11,	5.08,	4.94,	4.82,	4.70,	4.63,	4.52,	4.38,	4.07,
3.82,	4.27,	5.13,	5.09,	4.98,	4.91,	4.72,	4.62,	4.47,	4.33,	4.06,
3.80,	4.17,	5.14,	5.13,	5.04,	4.94,	4.69,	4.59,	4.44,	4.32,	4.09,
3.80,	4.25,	5.21,	5.20,	5.10,	4.99,	4.74,	4.64,	4.49,	4.37,	4.15,
3.80,	4.23,	5.20,	5.20,	5.10,	4.99,	4.76,	4.66,	4.51,	4.39,	4.16,
3.72,	4.10,	5.14,	5.18,	5.13,	5.02,	4.77,	4.66,	4.52,	4.40,	4.17,
3.65,	4.00,	5.06,	5.13,	5.11,	5.00,	4.73,	4.62,	4.47,	4.34,	4.12,
3.61,	3.97,	5.00,	5.08,	5.08,	4.99,	4.71,	4.59,	4.43,	4.31,	4.09,
3.57,	3.80,	4.90,	4.99,	5.00,	4.92,	4.66,	4.55,	4.40,	4.27,	4.04,
3.60,	3.96,	4.94,	5.01,	5.02,	4.94,	4.69,	4.57,	4.42,	4.29,	4.07,
3.57,	3.88,	4.87,	4.93,	4.93,	4.85,	4.61,	4.50,	4.36,	4.23,	4.01,
3.59,	3.94,	4.92,	4.97,	4.94,	4.85,	4.60,	4.50,	4.36,	4.24,	4.03,
3.59,	3.95,	4.89,	4.93,	4.89,	4.78,	4.52,	4.42,	4.28,	4.17,	3.97,
3.60,	3.96,	4.87,	4.90,	4.84,	4.71,	4.42,	4.31,	4.17,	4.07,	3.89,
3.59,	3.94,	4.86,	4.88,	4.82,	4.71,	4.45,	4.35,	4.21,	4.11,	3.92,
3.57,	3.88,	4.78,	4.81,	4.75,	4.64,	4.38,	4.28,	4.14,	4.03,	3.84,
3.72,	4.12,	4.92,	4.92,	4.85,	4.77,	4.53,	4.40,	4.21,	4.05,	3.82,
3.79,	4.17,	4.94,	4.93,	4.85,	4.76,	4.52,	4.39,	4.19,	4.03,	3.79,
3.77,	4.15,	4.95,	4.94,	4.84,	4.74,	4.50,	4.37,	4.17,	4.01,	3.79,
3.74,	4.10,	4.91,	4.91,	4.82,	4.72,	4.47,	4.34,	4.14,	3.98,	3.76,
3.76,	4.14,	4.99,	4.98,	4.88,	4.77,	4.50,	4.36,	4.16,	4.01,	3.79,
3.79,	4.16,	5.02,	5.04,	4.96,	4.84,	4.56,	4.42,	4.21,	4.05,	3.83,
3.76,	4.12,	4.97,	4.99,	4.92,	4.82,	4.54,	4.41,	4.20,	4.04,	3.81,
3.76,	4.10,	4.97,	4.99,	4.93,	4.82,	4.55,	4.42,	4.21,	4.05,	3.82,
3.68,	4.00,	4.87,	4.90,	4.84,	4.75,	4.49,	4.35,	4.15,	3.99,	3.76,
3.63,	3.94,	4.83,	4.86,	4.78,	4.64,	4.44,	4.34,	4.16,	4.00,	3.82,
3.65,	3.95,	4.84,	4.87,	4.79,	4.65,	4.44,	4.34,	4.16,	4.01,	3.83,
3.60,	3.86,	4.78,	4.81,	4.73,	4.60,	4.39,	4.29,	4.10,	3.95,	3.78,
3.53,	3.78,	4.70,	4.74,	4.66,	4.52,	4.32,	4.21,	4.03,	3.89,	3.71,
3.52,	3.74,	4.70,	4.74,	4.66,	4.53,	4.32,	4.22,	4.04,	3.89,	3.72,
3.52,	3.75,	4.67,	4.73,	4.67,	4.56,	4.37,	4.26,	4.08,	3.93,	3.76,
3.54,	3.76,	4.63,	4.69,	4.66,	4.57,	4.41,	4.31,	4.13,	3.98,	3.79,
3.60,	3.82,	4.66,	4.70,	4.64,	4.55,	4.41,	4.31,	4.14,	3.99,	3.79,
3.68,	3.92,	4.72,	4.75,	4.68,	4.60,	4.46,	4.37,	4.19,	4.04,	3.84,
3.78,	4.05,	4.76,	4.79,	4.71,	4.62,	4.48,	4.38,	4.21,	4.06,	3.85,
3.72,	3.96,	4.70,	4.73,	4.67,	4.58,	4.42,	4.33,	4.15,	4.00,	3.80,
3.67,	3.88,	4.68,	4.73,	4.68,	4.58,	4.41,	4.32,	4.14,	3.99,	3.79,
3.65,	3.82,	4.61,	4.66,	4.61,	4.51,	4.36,	4.27,	4.10,	3.95,	3.75,
3.66,	3.87,	4.65,	4.69,	4.63,	4.54,	4.40,	4.31,	4.14,	3.98,	3.77,
3.61,	3.77,	4.61,	4.65,	4.58,	4.49,	4.39,	4.31,	4.15,	3.98,	3.73,
3.52,	3.64,	4.56,	4.62,	4.56,	4.47,	4.36,	4.27,	4.10,	3.94,	3.70,
3.49,	3.62,	4.62,	4.70,	4.65,	4.55,	4.41,	4.33,	4.16,	4.00,	3.77,
3.46,	3.56,	4.59,	4.67,	4.62,	4.53,	4.41,	4.33,	4.16,	3.99,	3.75,
3.43,	3.55,	4.57,	4.66,	4.62,	4.53,	4.43,	4.35,	4.18,	4.02,	3.77,
3.46,	3.59,	4.61,	4.70,	4.67,	4.60,	4.50,	4.42,	4.25,	4.07,	3.81,
3.51,	3.64,	4.62,	4.72,	4.70,	4.63,	4.54,	4.45,	4.27,	4.10,	3.83,
3.48,	3.68,	4.63,	4.72,	4.70,	4.62,	4.51,	4.42,	4.24,	4.07,	3.81,
3.39,	3.52,	4.56,	4.66,	4.65,	4.58,	4.46,	4.38,	4.20,	4.02,	3.76,
3.39,	3.51,	4.56,	4.69,	4.72,	4.66,	4.54,	4.45,	4.26,	4.07,	3.79,
3.48,	3.63,	4.61,	4.73,	4.75,	4.68,	4.53,	4.43,	4.23,	4.05,	3.79,
3.50,	3.67,	4.62,	4.75,	4.79,	4.73,	4.58,	4.48,	4.28,	4.09,	3.83,
3.54,	3.73,	4.63,	4.75,	4.78,	4.73,	4.59,	4.49,	4.30,	4.11,	3.85,
3.47,	3.63,	4.57,	4.68,	4.72,	4.66,	4.52,	4.42,	4.22,	4.04,	3.79,
3.46,	3.62,	4.56,	4.68,	4.71,	4.66,	4.52,	4.41,	4.21,	4.03,	3.77,
3.48,	3.64,	4.56,	4.66,	4.68,	4.63,	4.50,	4.40,	4.20,	4.02,	3.77,
3.55,	3.74,	4.64,	4.74,	4.76,	4.70,	4.55,	4.45,	4.25,	4.07,	3.82,
3.62,	3.82,	4.67,	4.77,	4.78,	4.70,	4.53,	4.42,	4.22,	4.04,	3.82,
3.61,	3.81,	4.70,	4.81,	4.81,	4.73,	4.55,	4.44,	4.25,	4.08,	3.86,
3.73,	3.96,	4.79,	4.90,	4.91,	4.82,	4.62,	4.51,	4.31,	4.14,	3.92,
3.72,	3.96,	4.83,	4.94,	4.95,	4.86,	4.66,	4.54,	4.34,	4.17,	3.95,
3.71,	3.94,	4.81,	4.91,	4.91,	4.82,	4.62,	4.51,	4.31,	4.14,	3.93,
3.69,	3.96,	4.82,	4.92,	4.93,	4.85,	4.65,	4.54,	4.33,	4.16,	3.94,
3.68,	3.94,	4.83,	4.93,	4.95,	4.87,	4.69,	4.57,	4.36,	4.18,	3.95,
3.71,	3.99,	4.90,	5.00,	5.01,	4.92,	4.73,	4.62,	4.41,	4.22,	3.99,
3.63,	3.88,	4.83,	4.95,	4.96,	4.87,	4.69,	4.58,	4.37,	4.18,	3.94,
3.62,	3.89,	4.87,	4.99,	5.00,	4.91,	4.73,	4.61,	4.40,	4.22,	3.97,
3.56,	3.81,	4.84,	4.97,	4.98,	4.88,	4.70,	4.58,	4.37,	4.19,	3.94,
3.50,	3.72,	4.80,	4.94,	4.95,	4.85,	4.67,	4.55,	4.34,	4.16,	3.90,
3.47,	3.68,	4.75,	4.89,	4.91,	4.82,	4.66,	4.55,	4.34,	4.16,	3.89,
3.52,	3.72,	4.76,	4.91,	4.94,	4.85,	4.68,	4.57,	4.36,	4.18,	3.91,
3.48,	3.71,	4.71,	4.86,	4.89,	4.80,	4.63,	4.52,	4.31,	4.12,	3.86,
3.52,	3.77,	4.75,	4.90,	4.92,	4.83,	4.65,	4.53,	4.33,	4.14,	3.89,
3.56,	3.78,	4.78,	4.93,	4.97,	4.89,	4.72,	4.61,	4.41,	4.22,	3.96,
3.55,	3.82,	4.83,	4.99,	5.03,	4.95,	4.77,	4.66,	4.45,	4.27,	4.01,
3.54,	3.83,	4.83,	4.99,	5.03,	4.96,	4.80,	4.70,	4.50,	4.31,	4.04,
3.61,	3.85,	4.74,	4.87,	4.90,	4.84,	4.69,	4.59,	4.40,	4.21,	3.95,
3.58,	3.83,	4.68,	4.80,	4.83,	4.78,	4.65,	4.55,	4.36,	4.17,	3.90,
3.59,	3.80,	4.63,	4.76,	4.80,	4.75,	4.62,	4.52,	4.32,	4.14,	3.87,
3.60,	3.78,	4.58,	4.72,	4.77,	4.73,	4.61,	4.51,	4.32,	4.14,	3.86,
3.64,	3.80,	4.59,	4.73,	4.79,	4.75,	4.63,	4.54,	4.34,	4.15,	3.88,
3.69,	3.87,	4.63,	4.76,	4.83,	4.81,	4.70,	4.60,	4.39,	4.20,	3.91,
3.68,	3.88,	4.64,	4.77,	4.83,	4.81,	4.70,	4.60,	4.40,	4.20,	3.91,
3.71,	3.89,	4.65,	4.77,	4.84,	4.82,	4.70,	4.60,	4.40,	4.21,	3.92,
3.72,	3.88,	4.62,	4.75,	4.82,	4.81,	4.70,	4.60,	4.40,	4.21,	3.92,
3.69,	3.85,	4.61,	4.74,	4.81,	4.81,	4.71,	4.61,	4.41,	4.22,	3.94,
3.78,	3.98,	4.70,	4.83,	4.91,	4.90,	4.80,	4.70,	4.50,	4.31,	4.03,
3.76,	3.99,	4.71,	4.84,	4.92,	4.90,	4.78,	4.68,	4.48,	4.29,	4.03,
3.80,	4.01,	4.72,	4.85,	4.92,	4.90,	4.77,	4.66,	4.46,	4.28,	4.02,
3.76,	3.97,	4.70,	4.82,	4.88,	4.84,	4.70,	4.60,	4.40,	4.22,	3.98,
3.84,	4.07,	4.79,	4.90,	4.92,	4.89,	4.77,	4.68,	4.49,	4.31,	4.07,
3.90,	4.12,	4.80,	4.89,	4.89,	4.84,	4.73,	4.64,	4.46,	4.29,	4.04,
3.85,	4.11,	4.79,	4.88,	4.88,	4.84,	4.74,	4.65,	4.47,	4.31,	4.06,
3.89,	4.16,	4.83,	4.92,	4.92,	4.88,	4.78,	4.70,	4.52,	4.36,	4.11,
3.86,	4.13,	4.79,	4.88,	4.90,	4.87,	4.77,	4.69,	4.51,	4.34,	4.08,
3.87,	4.10,	4.77,	4.87,	4.88,	4.83,	4.73,	4.65,	4.47,	4.29,	4.01,
3.83,	4.06,	4.72,	4.81,	4.82,	4.78,	4.68,	4.60,	4.42,	4.26,	3.99,
3.80,	4.01,	4.68,	4.78,	4.79,	4.75,	4.67,	4.59,	4.42,	4.25,	3.98,
3.73,	3.91,	4.65,	4.77,	4.80,	4.76,	4.67,	4.59,	4.43,	4.27,	4.00,
3.71,	3.88,	4.66,	4.79,	4.83,	4.80,	4.72,	4.65,	4.49,	4.33,	4.06,
3.73,	3.91,	4.65,	4.77,	4.82,	4.79,	4.71,	4.65,	4.50,	4.34,	4.06,
3.68,	3.84,	4.61,	4.75,	4.81,	4.77,	4.70,	4.63,	4.49,	4.34,	4.09,
3.67,	3.82,	4.60,	4.74,	4.80,	4.77,	4.70,	4.63,	4.50,	4.35,	4.11,
3.70,	3.84,	4.61,	4.75,	4.80,	4.77,	4.70,	4.64,	4.50,	4.36,	4.12,
3.74,	3.87,	4.62,	4.76,	4.80,	4.77,	4.70,	4.63,	4.50,	4.36,	4.13,
3.71,	3.82,	4.56,	4.69,	4.74,	4.72,	4.66,	4.60,	4.47,	4.33,	4.10,
3.67,	3.78,	4.55,	4.69,	4.74,	4.71,	4.66,	4.60,	4.47,	4.34,	4.11,
3.66,	3.80,	4.57,	4.71,	4.76,	4.73,	4.67,	4.61,	4.48,	4.35,	4.13,
3.65,	3.77,	4.56,	4.69,	4.74,	4.71,	4.66,	4.61,	4.48,	4.36,	4.15,
3.67,	3.79,	4.56,	4.70,	4.74,	4.72,	4.66,	4.61,	4.49,	4.36,	4.17,
3.59,	3.69,	4.49,	4.63,	4.67,	4.66,	4.63,	4.58,	4.47,	4.34,	4.13,
3.57,	3.68,	4.49,	4.63,	4.68,	4.66,	4.63,	4.58,	4.46,	4.33,	4.13,
3.55,	3.66,	4.46,	4.59,	4.65,	4.63,	4.60,	4.56,	4.44,	4.32,	4.12,
3.60,	3.70,	4.54,	4.68,	4.74,	4.75,	4.71,	4.66,	4.52,	4.39,	4.18,
3.61,	3.72,	4.56,	4.70,	4.77,	4.77,	4.73,	4.67,	4.54,	4.41,	4.21,
3.62,	3.72,	4.55,	4.70,	4.76,	4.77,	4.74,	4.68,	4.55,	4.42,	4.22,
3.62,	3.71,	4.53,	4.69,	4.75,	4.76,	4.73,	4.68,	4.56,	4.43,	4.24,
3.60,	3.67,	4.48,	4.64,	4.71,	4.71,	4.68,	4.63,	4.50,	4.37,	4.19,
3.58,	3.69,	4.50,	4.65,	4.73,	4.73,	4.68,	4.62,	4.49,	4.36,	4.19,
3.58,	3.67,	4.49,	4.65,	4.71,	4.70,	4.63,	4.57,	4.43,	4.31,	4.15,
3.61,	3.71,	4.53,	4.69,	4.75,	4.73,	4.66,	4.59,	4.44,	4.31,	4.14,
3.60,	3.70,	4.52,	4.68,	4.75,	4.74,	4.66,	4.59,	4.44,	4.31,	4.14,
3.64,	3.74,	4.51,	4.67,	4.74,	4.73,	4.66,	4.59,	4.45,	4.31,	4.14,
3.62,	3.73,	4.50,	4.65,	4.72,	4.72,	4.67,	4.60,	4.46,	4.33,	4.15,
3.58,	3.65,	4.38,	4.54,	4.62,	4.63,	4.59,	4.53,	4.39,	4.25,	4.06,
3.58,	3.64,	4.37,	4.52,	4.61,	4.62,	4.58,	4.52,	4.38,	4.25,	4.06,
3.60,	3.65,	4.35,	4.51,	4.61,	4.62,	4.58,	4.51,	4.38,	4.25,	4.07,
3.59,	3.64,	4.35,	4.52,	4.62,	4.64,	4.59,	4.53,	4.39,	4.27,	4.10,
3.60,	3.63,	4.33,	4.50,	4.60,	4.61,	4.55,	4.48,	4.35,	4.22,	4.06,
3.56,	3.57,	4.25,	4.41,	4.50,	4.50,	4.44,	4.38,	4.24,	4.11,	3.95,
3.51,	3.54,	4.24,	4.41,	4.49,	4.47,	4.39,	4.32,	4.18,	4.06,	3.91,
3.51,	3.54,	4.25,	4.41,	4.49,	4.51,	4.46,	4.38,	4.23,	4.08,	3.90,
3.48,	3.52,	4.24,	4.41,	4.50,	4.52,	4.48,	4.40,	4.25,	4.11,	3.92,
3.51,	3.56,	4.30,	4.47,	4.56,	4.60,	4.57,	4.50,	4.34,	4.19,	3.98,
3.53,	3.55,	4.29,	4.46,	4.56,	4.60,	4.57,	4.51,	4.35,	4.21,	4.00,
3.52,	3.56,	4.30,	4.48,	4.59,	4.63,	4.60,	4.53,	4.37,	4.22,	4.01,
3.40,	3.52,	4.23,	4.40,	4.51,	4.56,	4.54,	4.48,	4.32,	4.17,	3.95,
3.48,	3.50,	4.23,	4.41,	4.53,	4.58,	4.56,	4.49,	4.33,	4.18,	3.95,
3.31,	3.28,	4.24,	4.46,	4.60,	4.63,	4.60,	4.54,	4.38,	4.23,	4.00,
3.24,	3.25,	4.21,	4.46,	4.61,	4.64,	4.62,	4.55,	4.40,	4.25,	4.02,
3.23,	3.26,	4.22,	4.47,	4.63,	4.67,	4.66,	4.59,	4.44,	4.28,	4.06,
3.24,	3.26,	4.20,	4.45,	4.61,	4.66,	4.63,	4.56,	4.41,	4.26,	4.04,
3.27,	3.22,	4.14,	4.40,	4.56,	4.62,	4.62,	4.56,	4.41,	4.26,	4.03,
3.23,	3.19,	4.14,	4.39,	4.56,	4.63,	4.64,	4.60,	4.47,	4.33,	4.13,
3.28,	3.26,	4.19,	4.45,	4.61,	4.62,	4.60,	4.57,	4.50,	4.40,	4.24,
3.28,	3.28,	4.19,	4.45,	4.62,	4.64,	4.62,	4.59,	4.50,	4.40,	4.21,
3.26,	3.31,	4.20,	4.46,	4.62,	4.64,	4.61,	4.58,	4.48,	4.37,	4.17,
3.28,	3.28,	4.15,	4.40,	4.55,	4.59,	4.58,	4.55,	4.46,	4.35,	4.13,
3.27,	3.26,	4.12,	4.37,	4.54,	4.58,	4.59,	4.57,	4.48,	4.36,	4.12,
3.26,	3.27,	4.17,	4.43,	4.60,	4.64,	4.65,	4.63,	4.54,	4.42,	4.18,
3.16,	3.19,	4.13,	4.41,	4.62,	4.68,	4.70,	4.67,	4.57,	4.44,	4.19,
3.15,	3.17,	4.12,	4.40,	4.63,	4.72,	4.75,	4.72,	4.63,	4.50,	4.25,
3.24,	3.18,	4.15,	4.46,	4.70,	4.77,	4.76,	4.73,	4.64,	4.51,	4.24,
3.16,	3.20,	4.22,	4.51,	4.76,	4.85,	4.85,	4.82,	4.73,	4.60,	4.33,
3.15,	3.17,	4.16,	4.44,	4.68,	4.77,	4.77,	4.74,	4.65,	4.52,	4.25,
3.11,	3.11,	4.08,	4.37,	4.63,	4.73,	4.76,	4.73,	4.65,	4.52,	4.24,
3.12,	3.10,	4.08,	4.38,	4.65,	4.76,	4.78,	4.75,	4.66,	4.53,	4.26,
3.11,	3.08,	4.08,	4.39,	4.67,	4.77,	4.77,	4.74,	4.64,	4.51,	4.24,
3.13,	3.08,	4.08,	4.39,	4.65,	4.76,	4.77,	4.74,	4.65,	4.52,	4.24,
3.11,	3.04,	4.02,	4.33,	4.61,	4.72,	4.75,	4.72,	4.64,	4.51,	4.22,
3.07,	2.99,	3.99,	4.31,	4.58,	4.70,	4.73,	4.71,	4.63,	4.49,	4.20,
3.05,	2.98,	4.00,	4.31,	4.58,	4.68,	4.69,	4.66,	4.57,	4.43,	4.15,
3.06,	3.01,	4.01,	4.33,	4.59,	4.69,	4.69,	4.66,	4.56,	4.43,	4.16,
3.20,	3.23,	4.18,	4.46,	4.69,	4.76,	4.74,	4.69,	4.59,	4.46,	4.20,
3.24,	3.29,	4.26,	4.53,	4.75,	4.83,	4.82,	4.79,	4.69,	4.56,	4.28,
3.20,	3.39,	4.43,	4.68,	4.89,	4.97,	4.96,	4.92,	4.82,	4.68,	4.41,
3.26,	3.43,	4.44,	4.67,	4.85,	4.92,	4.87,	4.82,	4.72,	4.59,	4.32,
3.37,	3.64,	4.58,	4.76,	4.91,	4.97,	4.92,	4.87,	4.77,	4.65,	4.40,
3.34,	3.63,	4.58,	4.75,	4.89,	4.95,	4.91,	4.86,	4.76,	4.63,	4.37,
3.42,	3.70,	4.63,	4.81,	4.97,	5.03,	4.98,	4.94,	4.84,	4.71,	4.44,
3.34,	3.63,	4.56,	4.74,	4.89,	4.94,	4.88,	4.84,	4.74,	4.61,	4.35,
3.34,	3.58,	4.51,	4.71,	4.89,	4.96,	4.91,	4.86,	4.75,	4.61,	4.33,
3.36,	3.59,	4.50,	4.71,	4.90,	4.98,	4.96,	4.92,	4.82,	4.67,	4.35,
3.33,	3.53,	4.43,	4.65,	4.87,	4.97,	4.98,	4.94,	4.84,	4.69,	4.35,
3.27,	3.48,	4.41,	4.63,	4.84,	4.94,	4.92,	4.89,	4.78,	4.63,	4.31,
3.20,	3.36,	4.32,	4.55,	4.77,	4.88,	4.90,	4.87,	4.77,	4.62,	4.27,
3.17,	3.34,	4.34,	4.58,	4.81,	4.94,	4.96,	4.93,	4.83,	4.68,	4.33,
3.21,	3.42,	4.43,	4.66,	4.87,	4.98,	4.97,	4.93,	4.82,	4.68,	4.37,
3.23,	3.45,	4.50,	4.71,	4.90,	4.99,	4.97,	4.92,	4.81,	4.67,	4.36,
3.20,	3.45,	4.51,	4.73,	4.92,	4.99,	4.95,	4.90,	4.79,	4.65,	4.36,
3.26,	3.57,	4.60,	4.80,	4.97,	5.03,	4.96,	4.91,	4.80,	4.66,	4.40,
3.25,	3.54,	4.55,	4.76,	4.93,	4.99,	4.93,	4.87,	4.76,	4.63,	4.37,
3.23,	3.50,	4.55,	4.76,	4.93,	5.00,	4.95,	4.90,	4.79,	4.66,	4.39,
3.21,	3.45,	4.47,	4.68,	4.88,	4.96,	4.95,	4.91,	4.81,	4.68,	4.40,
3.87,	3.58,	4.45,	4.76,	4.96,	5.01,	4.97,	4.93,	4.83,	4.71,	4.45,
3.36,	3.62,	4.55,	4.74,	4.91,	4.98,	4.97,	4.93,	4.84,	4.72,	4.45,
3.37,	3.60,	4.52,	4.72,	4.89,	4.97,	4.95,	4.92,	4.82,	4.70,	4.43,
3.34,	3.56,	4.49,	4.69,	4.87,	4.95,	4.93,	4.90,	4.81,	4.69,	4.44,
3.29,	3.50,	4.46,	4.68,	4.86,	4.94,	4.91,	4.87,	4.78,	4.66,	4.41,
3.26,	3.45,	4.44,	4.67,	4.87,	4.96,	4.94,	4.90,	4.81,	4.69,	4.45,
3.32,	3.49,	4.48,	4.72,	4.92,	5.00,	4.97,	4.93,	4.84,	4.72,	4.49,
3.24,	3.42,	4.42,	4.65,	4.85,	4.94,	4.94,	4.91,	4.83,	4.72,	4.47,
3.19,	3.37,	4.45,	4.66,	4.82,	4.91,	4.95,	4.93,	4.86,	4.74,	4.48,
3.18,	3.38,	4.41,	4.65,	4.86,	4.95,	4.95,	4.92,	4.84,	4.73,	4.48,
3.22,	3.41,	4.42,	4.66,	4.86,	4.95,	4.95,	4.92,	4.83,	4.72,	4.47,
3.24,	3.37,	4.39,	4.64,	4.85,	4.94,	4.94,	4.91,	4.82,	4.70,	4.45,
3.17,	3.31,	4.31,	4.57,	4.79,	4.90,	4.90,	4.87,	4.79,	4.67,	4.42,
3.19,	3.37,	4.39,	4.64,	4.87,	4.97,	4.99,	4.96,	4.88,	4.76,	4.51,
3.20,	3.39,	4.39,	4.64,	4.86,	4.97,	4.99,	4.96,	4.88,	4.77,	4.51,
3.18,	3.33,	4.30,	4.54,	4.77,	4.89,	4.93,	4.91,	4.84,	4.72,	4.46,
3.24,	3.42,	4.27,	4.48,	4.68,	4.81,	4.88,	4.87,	4.80,	4.69,	4.43,
3.34,	3.46,	4.25,	4.45,	4.65,	4.79,	4.87,	4.86,	4.80,	4.68,	4.43,
3.31,	3.43,	4.23,	4.44,	4.64,	4.79,	4.89,	4.89,	4.83,	4.72,	4.46,
3.32,	3.40,	4.19,	4.42,	4.66,	4.81,	4.89,	4.89,	4.83,	4.73,	4.48,
3.35,	3.45,	4.21,	4.43,	4.65,	4.80,	4.89,	4.89,	4.84,	4.74,	4.50,
3.30,	3.40,	4.17,	4.42,	4.65,	4.75,	4.79,	4.78,	4.73,	4.63,	4.41,
3.27,	3.34,	4.13,	4.38,	4.60,	4.70,	4.74,	4.74,	4.69,	4.60,	4.37,
3.21,	3.26,	4.08,	4.35,	4.58,	4.68,	4.73,	4.73,	4.68,	4.59,	4.36,
3.21,	3.27,	4.06,	4.31,	4.53,	4.63,	4.68,	4.68,	4.64,	4.54,	4.30,
3.12,	3.19,	4.04,	4.31,	4.52,	4.60,	4.62,	4.61,	4.55,	4.46,	4.24,
3.14,	3.21,	4.04,	4.29,	4.50,	4.60,	4.63,	4.62,	4.57,	4.48,	4.24,
3.13,	3.19,	3.99,	4.23,	4.44,	4.55,	4.62,	4.62,	4.57,	4.47,	4.21,
3.14,	3.23,	4.02,	4.26,	4.48,	4.58,	4.62,	4.61,	4.56,	4.46,	4.22,
3.22,	3.30,	4.11,	4.36,	4.59,	4.69,	4.72,	4.71,	4.66,	4.56,	4.32,
3.20,	3.25,	4.04,	4.30,	4.53,	4.66,	4.72,	4.71,	4.65,	4.54,	4.25,
3.17,	3.26,	4.07,	4.32,	4.56,	4.69,	4.75,	4.75,	4.68,	4.57,	4.28,
3.25,	3.29,	4.10,	4.37,	4.62,	4.76,	4.83,	4.83,	4.76,	4.65,	4.35,
3.19,	3.23,	4.00,	4.26,	4.52,	4.69,	4.80,	4.80,	4.74,	4.62,	4.31,
3.22,	3.32,	4.07,	4.29,	4.53,	4.70,	4.81,	4.81,	4.76,	4.65,	4.36,
3.23,	3.27,	3.98,	4.22,	4.47,	4.64,	4.75,	4.75,	4.70,	4.59,	4.30,
3.22,	3.29,	4.03,	4.29,	4.57,	4.74,	4.83,	4.83,	4.78,	4.67,	4.40,
3.22,	3.16,	3.91,	4.19,	4.48,	4.65,	4.75,	4.75,	4.70,	4.59,	4.34,
3.16,	3.12,	3.88,	4.17,	4.48,	4.67,	4.80,	4.81,	4.77,	4.67,	4.40,
3.21,	3.09,	3.82,	4.14,	4.48,	4.69,	4.82,	4.84,	4.80,	4.72,	4.49,
3.16,	3.12,	3.85,	4.15,	4.48,	4.68,	4.80,	4.81,	4.77,	4.68,	4.46,
3.12,	3.09,	3.80,	4.08,	4.40,	4.59,	4.69,	4.69,	4.64,	4.54,	4.29,
3.14,	3.15,	3.83,	4.09,	4.39,	4.57,	4.67,	4.67,	4.62,	4.53,	4.28,
3.19,	3.24,	3.92,	4.16,	4.44,	4.62,	4.73,	4.74,	4.70,	4.60,	4.36,
3.22,	3.28,	4.02,	4.28,	4.55,	4.70,	4.77,	4.77,	4.73,	4.64,	4.40,
3.16,	3.23,	4.04,	4.31,	4.61,	4.78,	4.86,	4.86,	4.82,	4.73,	4.48,
3.14,	3.22,	4.05,	4.32,	4.61,	4.77,	4.86,	4.87,	4.83,	4.74,	4.50,
3.12,	3.20,	4.04,	4.31,	4.59,	4.75,	4.84,	4.84,	4.81,	4.72,	4.48,
3.13,	3.23,	4.07,	4.33,	4.61,	4.78,	4.89,	4.91,	4.88,	4.80,	4.56,
3.22,	3.21,	4.03,	4.31,	4.58,	4.74,	4.85,	4.87,	4.84,	4.76,	4.52,
3.23,	3.40,	4.21,	4.43,	4.65,	4.79,	4.89,	4.90,	4.88,	4.80,	4.57,
3.25,	3.39,	4.23,	4.49,	4.74,	4.88,	4.98,	4.99,	4.97,	4.89,	4.66,
3.19,	3.30,	4.16,	4.44,	4.72,	4.87,	4.96,	4.97,	4.94,	4.86,	4.63,
3.14,	3.25,	4.13,	4.43,	4.75,	4.90,	4.96,	4.96,	4.92,	4.84,	4.63,
3.15,	3.27,	4.22,	4.53,	4.84,	4.98,	5.01,	5.00,	4.94,	4.86,	4.67,
3.21,	3.40,	4.31,	4.60,	4.88,	4.98,	5.00,	4.99,	4.96,	4.88,	4.70,
3.20,	3.37,	4.26,	4.55,	4.83,	4.94,	4.96,	4.96,	4.92,	4.84,	4.66,
3.20,	3.39,	4.29,	4.57,	4.86,	4.97,	5.00,	4.99,	4.94,	4.86,	4.68,
3.25,	3.35,	4.29,	4.58,	4.86,	4.98,	4.99,	4.98,	4.92,	4.84,	4.66,
3.17,	3.36,	4.29,	4.58,	4.88,	4.99,	5.01,	5.00,	4.94,	4.86,	4.67,
3.15,	3.28,	4.21,	4.52,	4.83,	4.95,	4.98,	4.97,	4.92,	4.83,	4.63,
3.10,	3.25,	4.20,	4.51,	4.81,	4.93,	4.97,	4.96,	4.91,	4.82,	4.61,
3.10,	3.23,	4.19,	4.49,	4.79,	4.92,	4.97,	4.96,	4.92,	4.82,	4.60,
3.07,	3.27,	4.29,	4.61,	4.93,	5.04,	5.06,	5.05,	5.00,	4.90,	4.68,
3.08,	3.33,	4.35,	4.65,	4.95,	5.05,	5.06,	5.04,	4.99,	4.90,	4.69,
3.09,	3.36,	4.41,	4.71,	4.99,	5.08,	5.07,	5.05,	4.99,	4.91,	4.71,
3.11,	3.34,	4.39,	4.69,	4.97,	5.06,	5.06,	5.04,	5.00,	4.92,	4.72,
3.15,	3.40,	4.44,	4.74,	5.01,	5.10,	5.10,	5.08,	5.04,	4.95,	4.76,
3.16,	3.40,	4.42,	4.71,	4.98,	5.06,	5.05,	5.04,	4.98,	4.90,	4.71,
3.13,	3.38,	4.39,	4.67,	4.93,	5.02,	5.03,	5.02,	4.97,	4.89,	4.69,
3.23,	3.53,	4.47,	4.72,	4.98,	5.08,	5.09,	5.08,	5.02,	4.94,	4.74,
3.23,	3.50,	4.39,	4.63,	4.87,	4.98,	5.01,	5.01,	4.96,	4.88,	4.67,
3.25,	3.59,	4.53,	4.79,	5.03,	5.09,	5.08,	5.06,	5.02,	4.95,	4.78,
3.25,	3.57,	4.47,	4.71,	4.93,	5.01,	5.02,	5.01,	4.98,	4.92,	4.74,
3.27,	3.60,	4.50,	4.74,	4.95,	5.02,	5.04,	5.03,	5.00,	4.94,	4.76,
3.30,	3.72,	4.60,	4.81,	5.01,	5.07,	5.08,	5.08,	5.05,	4.99,	4.81,
3.53,	3.95,	4.66,	4.78,	4.89,	4.92,	4.92,	4.92,	4.89,	4.83,	4.65,
3.55,	3.94,	4.61,	4.73,	4.83,	4.84,	4.82,	4.81,	4.78,	4.72,	4.57,
3.55,	3.98,	4.63,	4.75,	4.86,	4.89,	4.89,	4.88,	4.86,	4.80,	4.66,
3.57,	3.95,	4.56,	4.68,	4.78,	4.80,	4.78,	4.78,	4.75,	4.70,	4.56,
3.51,	3.91,	4.52,	4.65,	4.75,	4.76,	4.73,	4.72,	4.70,	4.64,	4.51,
3.47,	3.80,	4.43,	4.57,	4.69,	4.71,	4.70,	4.69,	4.67,	4.62,	4.48,
3.54,	3.92,	4.50,	4.63,	4.75,	4.77,	4.77,	4.76,	4.74,	4.68,	4.55,
3.61,	3.99,	4.52,	4.63,	4.73,	4.76,	4.78,	4.79,	4.77,	4.72,	4.58,
3.55,	4.01,	4.64,	4.76,	4.88,	4.90,	4.88,	4.87,	4.84,	4.79,	4.67,
3.59,	4.08,	4.72,	4.82,	4.93,	4.97,	4.92,	4.87,	4.78,	4.70,	4.61,
3.56,	4.02,	4.68,	4.79,	4.90,	4.93,	4.87,	4.82,	4.73,	4.65,	4.56,
3.58,	4.02,	4.68,	4.78,	4.88,	4.90,	4.84,	4.79,	4.70,	4.62,	4.53,
3.60,	4.04,	4.67,	4.77,	4.86,	4.87,	4.80,	4.74,	4.64,	4.56,	4.48,
3.59,	4.06,	4.71,	4.80,	4.89,	4.91,	4.85,	4.80,	4.71,	4.64,	4.54,
3.64,	4.11,	4.73,	4.82,	4.90,	4.92,	4.85,	4.79,	4.69,	4.61,	4.51,
3.67,	4.16,	4.73,	4.80,	4.87,	4.88,	4.81,	4.75,	4.65,	4.57,	4.48,
3.68,	4.16,	4.74,	4.81,	4.87,	4.89,	4.81,	4.76,	4.66,	4.58,	4.49,
3.66,	4.14,	4.78,	4.85,	4.91,	4.92,	4.85,	4.81,	4.71,	4.63,	4.54,
3.67,	4.15,	4.72,	4.78,	4.84,	4.85,	4.80,	4.74,	4.63,	4.54,	4.42,
3.69,	4.17,	4.73,	4.80,	4.86,	4.88,	4.81,	4.75,	4.64,	4.55,	4.44,
3.73,	4.19,	4.74,	4.81,	4.86,	4.88,	4.81,	4.76,	4.65,	4.56,	4.45,
3.79,	4.28,	4.87,	4.94,	5.00,	5.00,	4.90,	4.83,	4.71,	4.62,	4.52,
3.80,	4.32,	4.91,	4.97,	5.01,	5.00,	4.89,	4.82,	4.71,	4.62,	4.51,
3.80,	4.28,	4.88,	4.95,	5.00,	4.98,	4.89,	4.82,	4.71,	4.62,	4.51,
3.75,	4.17,	4.80,	4.91,	5.00,	5.00,	4.89,	4.82,	4.70,	4.61,	4.49,
3.68,	4.07,	4.74,	4.87,	4.98,	4.98,	4.87,	4.80,	4.67,	4.57,	4.46,
3.72,	4.14,	4.80,	4.93,	5.04,	5.06,	4.95,	4.88,	4.75,	4.64,	4.51,
3.70,	4.09,	4.74,	4.87,	4.99,	5.00,	4.91,	4.84,	4.71,	4.60,	4.45,
3.69,	4.12,	4.77,	4.88,	5.00,	5.03,	4.93,	4.86,	4.73,	4.62,	4.47,
3.69,	4.02,	4.64,	4.76,	4.88,	4.92,	4.86,	4.79,	4.66,	4.55,	4.39,
3.67,	4.04,	4.67,	4.79,	4.91,	4.96,	4.89,	4.82,	4.69,	4.58,	4.42,
3.74,	4.12,	4.74,	4.84,	4.94,	4.98,	4.93,	4.87,	4.75,	4.63,	4.47,
3.84,	4.23,	4.76,	4.84,	4.92,	4.96,	4.90,	4.83,	4.71,	4.60,	4.45,
3.83,	4.23,	4.73,	4.79,	4.86,	4.91,	4.88,	4.82,	4.70,	4.58,	4.41,
3.82,	4.23,	4.71,	4.77,	4.84,	4.89,	4.86,	4.80,	4.67,	4.55,	4.38,
3.80,	4.20,	4.70,	4.77,	4.86,	4.90,	4.86,	4.80,	4.67,	4.55,	4.38,
3.81,	4.19,	4.68,	4.76,	4.84,	4.88,	4.85,	4.79,	4.67,	4.56,	4.39,
3.79,	4.14,	4.69,	4.79,	4.89,	4.93,	4.88,	4.81,	4.68,	4.57,	4.40,
3.73,	4.09,	4.68,	4.78,	4.88,	4.93,	4.90,	4.84,	4.72,	4.60,	4.41,
3.73,	4.07,	4.62,	4.70,	4.79,	4.85,	4.85,	4.80,	4.69,	4.57,	4.36,
3.73,	4.06,	4.65,	4.75,	4.84,	4.88,	4.86,	4.81,	4.69,	4.58,	4.38,
3.72,	4.00,	4.61,	4.73,	4.84,	4.88,	4.85,	4.79,	4.67,	4.54,	4.35,
3.70,	3.99,	4.62,	4.74,	4.84,	4.89,	4.88,	4.82,	4.71,	4.59,	4.39,
3.77,	4.12,	4.74,	4.85,	4.94,	4.98,	4.94,	4.89,	4.77,	4.65,	4.47,
3.88,	4.28,	4.84,	4.93,	4.99,	5.00,	4.92,	4.85,	4.73,	4.62,	4.46,
3.93,	4.29,	4.81,	4.89,	4.92,	4.92,	4.85,	4.79,	4.67,	4.57,	4.42,
3.92,	4.29,	4.83,	4.92,	4.98,	4.97,	4.88,	4.81,	4.69,	4.59,	4.46,
3.94,	4.29,	4.84,	4.94,	5.00,	5.00,	4.92,	4.85,	4.73,	4.63,	4.48,
3.93,	4.31,	4.91,	5.01,	5.06,	5.02,	4.90,	4.83,	4.70,	4.60,	4.47,
3.90,	4.28,	4.85,	4.93,	4.97,	4.95,	4.85,	4.78,	4.67,	4.57,	4.43,
3.93,	4.34,	4.95,	5.03,	5.06,	5.02,	4.88,	4.81,	4.68,	4.58,	4.46,
3.99,	4.43,	4.99,	5.06,	5.07,	5.02,	4.90,	4.82,	4.69,	4.60,	4.46,
4.03,	4.49,	5.04,	5.11,	5.12,	5.06,	4.91,	4.82,	4.68,	4.56,	4.40,
4.02,	4.48,	5.04,	5.10,	5.09,	5.02,	4.88,	4.79,	4.66,	4.55,	4.38,
4.08,	4.55,	5.08,	5.10,	5.04,	4.96,	4.81,	4.72,	4.58,	4.46,	4.28,
4.08,	4.56,	5.07,	5.08,	5.03,	4.95,	4.80,	4.72,	4.57,	4.45,	4.27,
4.05,	4.50,	5.04,	5.06,	5.01,	4.94,	4.81,	4.73,	4.60,	4.48,	4.29,
4.18,	4.63,	5.10,	5.10,	5.03,	4.95,	4.82,	4.75,	4.61,	4.49,	4.29,
4.18,	4.65,	5.12,	5.12,	5.05,	4.97,	4.84,	4.76,	4.62,	4.50,	4.30,
4.21,	4.70,	5.15,	5.14,	5.06,	4.96,	4.80,	4.72,	4.57,	4.44,	4.24,
4.23,	4.74,	5.20,	5.20,	5.11,	4.99,	4.80,	4.70,	4.54,	4.41,	4.23,
4.26,	4.76,	5.19,	5.16,	5.04,	4.92,	4.74,	4.65,	4.49,	4.37,	4.18,
4.24,	4.77,	5.25,	5.22,	5.10,	4.98,	4.81,	4.72,	4.57,	4.44,	4.24,
4.25,	4.74,	5.24,	5.24,	5.14,	5.01,	4.82,	4.73,	4.57,	4.44,	4.23,
4.22,	4.69,	5.20,	5.20,	5.09,	4.97,	4.80,	4.71,	4.57,	4.44,	4.25,
4.30,	4.79,	5.31,	5.31,	5.20,	5.04,	4.84,	4.75,	4.60,	4.48,	4.31,
4.28,	4.75,	5.25,	5.24,	5.13,	4.99,	4.80,	4.71,	4.56,	4.43,	4.25,
4.27,	4.70,	5.19,	5.19,	5.07,	4.93,	4.74,	4.65,	4.50,	4.37,	4.19,
4.30,	4.75,	5.26,	5.27,	5.17,	5.01,	4.78,	4.68,	4.52,	4.40,	4.22,
4.31,	4.75,	5.27,	5.28,	5.18,	5.02,	4.79,	4.69,	4.54,	4.41,	4.24,
4.27,	4.67,	5.23,	5.28,	5.19,	5.03,	4.81,	4.72,	4.56,	4.44,	4.26,
4.22,	4.61,	5.25,	5.31,	5.23,	5.06,	4.84,	4.75,	4.60,	4.48,	4.29,
4.23,	4.61,	5.24,	5.29,	5.19,	5.03,	4.81,	4.72,	4.57,	4.44,	4.26,
4.20,	4.56,	5.17,	5.22,	5.14,	5.00,	4.82,	4.73,	4.58,	4.45,	4.24,
4.20,	4.55,	5.14,	5.18,	5.12,	5.00,	4.80,	4.70,	4.54,	4.41,	4.20,
4.16,	4.48,	5.10,	5.15,	5.11,	4.98,	4.78,	4.67,	4.51,	4.38,	4.17,
4.17,	4.49,	5.08,	5.14,	5.08,	4.96,	4.75,	4.64,	4.48,	4.34,	4.14,
4.17,	4.54,	5.16,	5.21,	5.17,	5.05,	4.84,	4.73,	4.56,	4.43,	4.22,
4.20,	4.56,	5.15,	5.20,	5.15,	5.04,	4.84,	4.74,	4.58,	4.44,	4.23,
4.18,	4.54,	5.14,	5.20,	5.16,	5.04,	4.84,	4.73,	4.57,	4.43,	4.23,
4.21,	4.61,	5.21,	5.28,	5.24,	5.12,	4.90,	4.79,	4.62,	4.48,	4.28,
4.27,	4.66,	5.22,	5.28,	5.24,	5.14,	4.93,	4.83,	4.65,	4.51,	4.30,
4.26,	4.63,	5.13,	5.17,	5.13,	5.02,	4.82,	4.71,	4.54,	4.40,	4.20,
4.31,	4.68,	5.17,	5.21,	5.17,	5.05,	4.83,	4.72,	4.55,	4.41,	4.21,
4.31,	4.67,	5.18,	5.23,	5.20,	5.08,	4.84,	4.73,	4.55,	4.41,	4.22,
4.32,	4.70,	5.19,	5.23,	5.19,	5.07,	4.84,	4.72,	4.54,	4.40,	4.22,
4.33,	4.70,	5.21,	5.25,	5.21,	5.08,	4.84,	4.72,	4.53,	4.39,	4.20,
4.29,	4.65,	5.17,	5.23,	5.20,	5.09,	4.87,	4.76,	4.59,	4.44,	4.24,
4.26,	4.62,	5.15,	5.22,	5.19,	5.08,	4.87,	4.76,	4.59,	4.45,	4.26,
4.20,	4.50,	5.01,	5.09,	5.08,	4.98,	4.80,	4.70,	4.54,	4.41,	4.23,
4.17,	4.49,	5.06,	5.14,	5.14,	5.04,	4.82,	4.72,	4.55,	4.41,	4.24,
4.19,	4.52,	5.06,	5.13,	5.11,	5.02,	4.82,	4.72,	4.56,	4.43,	4.27,
4.18,	4.49,	5.02,	5.08,	5.06,	4.96,	4.77,	4.66,	4.50,	4.38,	4.23,
4.18,	4.53,	5.06,	5.12,	5.09,	4.99,	4.79,	4.69,	4.53,	4.40,	4.25,
4.13,	4.41,	4.94,	5.01,	5.01,	4.92,	4.74,	4.64,	4.49,	4.37,	4.21,
4.11,	4.39,	4.94,	5.01,	5.00,	4.91,	4.73,	4.63,	4.48,	4.36,	4.20,
4.03,	4.30,	4.86,	4.95,	4.95,	4.86,	4.68,	4.58,	4.43,	4.31,	4.15,
4.04,	4.30,	4.84,	4.91,	4.91,	4.83,	4.66,	4.57,	4.41,	4.29,	4.13,
4.01,	4.28,	4.83,	4.92,	4.94,	4.87,	4.70,	4.61,	4.45,	4.33,	4.16,
4.05,	4.33,	4.87,	4.95,	4.98,	4.91,	4.75,	4.65,	4.50,	4.37,	4.20,
4.05,	4.32,	4.85,	4.93,	4.96,	4.89,	4.73,	4.64,	4.48,	4.35,	4.18,
4.04,	4.30,	4.84,	4.93,	4.95,	4.88,	4.71,	4.62,	4.46,	4.33,	4.16,
4.05,	4.29,	4.84,	4.93,	4.95,	4.88,	4.71,	4.62,	4.46,	4.34,	4.16,
4.05,	4.31,	4.84,	4.93,	4.96,	4.89,	4.72,	4.62,	4.47,	4.34,	4.17,
4.09,	4.37,	4.89,	4.98,	5.00,	4.93,	4.75,	4.65,	4.50,	4.37,	4.20,
4.08,	4.36,	4.85,	4.92,	4.95,	4.90,	4.74,	4.64,	4.47,	4.34,	4.17,
4.12,	4.45,	4.91,	4.97,	5.00,	4.95,	4.79,	4.69,	4.52,	4.39,	4.21,
4.19,	4.49,	4.94,	4.99,	5.01,	4.96,	4.78,	4.67,	4.50,	4.37,	4.20,
4.17,	4.47,	4.92,	4.96,	4.97,	4.92,	4.75,	4.65,	4.48,	4.35,	4.17,
4.18,	4.46,	4.90,	4.94,	4.93,	4.88,	4.72,	4.62,	4.46,	4.33,	4.14,
4.17,	4.43,	4.89,	4.93,	4.93,	4.88,	4.73,	4.63,	4.48,	4.34,	4.16,
4.07,	4.26,	4.76,	4.82,	4.84,	4.80,	4.68,	4.60,	4.45,	4.32,	4.13,
4.01,	4.20,	4.72,	4.80,	4.83,	4.80,	4.68,	4.60,	4.46,	4.33,	4.13,
3.99,	4.18,	4.72,	4.81,	4.84,	4.81,	4.68,	4.60,	4.46,	4.33,	4.13,
4.03,	4.23,	4.74,	4.82,	4.85,	4.82,	4.69,	4.60,	4.46,	4.34,	4.15,
4.07,	4.28,	4.75,	4.82,	4.85,	4.83,	4.71,	4.63,	4.49,	4.36,	4.16,
4.06,	4.27,	4.78,	4.86,	4.90,	4.88,	4.77,	4.70,	4.56,	4.44,	4.23,
4.08,	4.27,	4.77,	4.85,	4.90,	4.88,	4.77,	4.70,	4.56,	4.43,	4.22,
4.11,	4.31,	4.76,	4.83,	4.87,	4.86,	4.76,	4.68,	4.54,	4.41,	4.19,
4.10,	4.32,	4.80,	4.88,	4.92,	4.89,	4.76,	4.68,	4.53,	4.40,	4.18,
4.11,	4.34,	4.83,	4.91,	4.94,	4.90,	4.75,	4.66,	4.51,	4.37,	4.16,
4.17,	4.38,	4.80,	4.86,	4.87,	4.82,	4.69,	4.60,	4.45,	4.33,	4.12,
4.21,	4.44,	4.88,	4.94,	4.95,	4.90,	4.75,	4.66,	4.51,	4.38,	4.17,
4.21,	4.42,	4.86,	4.91,	4.90,	4.85,	4.70,	4.61,	4.45,	4.32,	4.12,
4.20,	4.43,	4.87,	4.91,	4.92,	4.90,	4.76,	4.67,	4.50,	4.36,	4.15,
4.26,	4.54,	4.98,	5.02,	5.01,	4.97,	4.80,	4.69,	4.51,	4.36,	4.15,
4.24,	4.50,	4.96,	5.00,	4.99,	4.94,	4.75,	4.64,	4.46,	4.32,	4.11,
4.23,	4.48,	4.95,	5.00,	5.00,	4.95,	4.79,	4.68,	4.50,	4.36,	4.15,
4.21,	4.46,	4.95,	5.00,	5.01,	4.97,	4.80,	4.70,	4.52,	4.37,	4.16,
4.20,	4.44,	4.91,	4.96,	4.97,	4.94,	4.77,	4.67,	4.49,	4.34,	4.13,
4.21,	4.45,	4.90,	4.96,	4.97,	4.94,	4.78,	4.68,	4.50,	4.35,	4.14,
4.23,	4.40,	4.86,	4.93,	4.94,	4.91,	4.76,	4.65,	4.47,	4.32,	4.10,
4.16,	4.36,	4.85,	4.92,	4.95,	4.92,	4.77,	4.67,	4.49,	4.34,	4.13,
4.15,	4.35,	4.83,	4.89,	4.92,	4.89,	4.75,	4.65,	4.48,	4.33,	4.12,
4.15,	4.32,	4.80,	4.87,	4.89,	4.86,	4.71,	4.62,	4.45,	4.30,	4.08,
4.14,	4.33,	4.81,	4.87,	4.89,	4.87,	4.73,	4.63,	4.46,	4.32,	4.10,
4.11,	4.31,	4.80,	4.86,	4.88,	4.86,	4.73,	4.63,	4.47,	4.32,	4.10,
4.12,	4.31,	4.81,	4.87,	4.88,	4.83,	4.71,	4.63,	4.50,	4.37,	4.15,
4.09,	4.27,	4.79,	4.86,	4.87,	4.83,	4.72,	4.65,	4.53,	4.40,	4.17,
4.11,	4.30,	4.84,	4.92,	4.93,	4.89,	4.79,	4.73,	4.62,	4.49,	4.26,
4.18,	4.37,	4.89,	4.95,	4.97,	4.94,	4.86,	4.80,	4.68,	4.55,	4.30,
4.19,	4.37,	4.87,	4.95,	4.97,	4.94,	4.85,	4.79,	4.67,	4.55,	4.30,
4.24,	4.39,	4.89,	4.97,	5.00,	4.98,	4.89,	4.84,	4.72,	4.60,	4.35,
4.20,	4.33,	4.82,	4.89,	4.91,	4.87,	4.78,	4.72,	4.61,	4.49,	4.26,
4.17,	4.32,	4.82,	4.88,	4.90,	4.87,	4.79,	4.73,	4.62,	4.50,	4.27,
4.19,	4.35,	4.85,	4.91,	4.92,	4.89,	4.79,	4.74,	4.64,	4.53,	4.36,
4.19,	4.34,	4.81,	4.86,	4.88,	4.85,	4.77,	4.72,	4.63,	4.52,	4.34,
4.27,	4.43,	4.83,	4.87,	4.88,	4.85,	4.77,	4.71,	4.62,	4.51,	4.34,
4.27,	4.44,	4.82,	4.86,	4.88,	4.85,	4.75,	4.69,	4.59,	4.49,	4.33,
4.31,	4.50,	4.92,	4.97,	4.98,	4.92,	4.77,	4.70,	4.58,	4.48,	4.35,
4.31,	4.48,	4.88,	4.93,	4.94,	4.89,	4.74,	4.67,	4.55,	4.45,	4.31,
4.29,	4.36,	4.75,	4.82,	4.85,	4.82,	4.72,	4.66,	4.56,	4.45,	4.30,
4.19,	4.28,	4.68,	4.73,	4.76,	4.75,	4.67,	4.62,	4.52,	4.42,	4.26,
4.18,	4.27,	4.65,	4.70,	4.72,	4.71,	4.64,	4.60,	4.50,	4.40,	4.24,
4.22,	4.31,	4.67,	4.71,	4.72,	4.71,	4.63,	4.58,	4.49,	4.38,	4.24,
4.17,	4.26,	4.67,	4.72,	4.74,	4.71,	4.61,	4.56,	4.46,	4.37,	4.25,
4.15,	4.23,	4.65,	4.72,	4.74,	4.72,	4.61,	4.55,	4.45,	4.36,	4.25,
4.15,	4.23,	4.64,	4.70,	4.72,	4.69,	4.59,	4.53,	4.43,	4.34,	4.23,
4.17,	4.29,	4.70,	4.75,	4.77,	4.74,	4.64,	4.58,	4.48,	4.39,	4.27,
4.22,	4.31,	4.68,	4.73,	4.75,	4.73,	4.64,	4.58,	4.49,	4.39,	4.26,
4.24,	4.35,	4.67,	4.72,	4.76,	4.73,	4.61,	4.55,	4.45,	4.35,	4.22,
4.29,	4.40,	4.69,	4.74,	4.77,	4.73,	4.60,	4.54,	4.43,	4.33,	4.21,
4.28,	4.40,	4.67,	4.71,	4.74,	4.71,	4.60,	4.54,	4.44,	4.33,	4.20,
4.28,	4.42,	4.67,	4.71,	4.74,	4.71,	4.60,	4.54,	4.44,	4.34,	4.21,
4.28,	4.40,	4.66,	4.70,	4.72,	4.70,	4.59,	4.53,	4.43,	4.33,	4.20,
4.28,	4.39,	4.66,	4.71,	4.73,	4.71,	4.60,	4.55,	4.45,	4.36,	4.23,
4.28,	4.39,	4.67,	4.72,	4.76,	4.73,	4.62,	4.56,	4.46,	4.37,	4.26,
4.35,	4.48,	4.78,	4.84,	4.88,	4.82,	4.66,	4.59,	4.48,	4.39,	4.30,
4.35,	4.48,	4.78,	4.84,	4.88,	4.82,	4.64,	4.56,	4.45,	4.36,	4.27,
4.35,	4.47,	4.75,	4.80,	4.84,	4.79,	4.64,	4.57,	4.46,	4.37,	4.27,
4.37,	4.51,	4.77,	4.83,	4.85,	4.79,	4.63,	4.56,	4.45,	4.36,	4.27,
4.45,	4.65,	4.89,	4.94,	4.97,	4.89,	4.68,	4.59,	4.47,	4.37,	4.28,
4.49,	4.66,	4.94,	5.00,	5.02,	4.92,	4.70,	4.61,	4.48,	4.39,	4.31,
4.47,	4.63,	4.93,	5.00,	5.01,	4.91,	4.70,	4.62,	4.50,	4.41,	4.31,
4.47,	4.60,	4.89,	4.96,	4.98,	4.89,	4.70,	4.62,	4.51,	4.41,	4.31,
4.44,	4.55,	4.89,	4.97,	5.00,	4.90,	4.70,	4.63,	4.52,	4.42,	4.32,
4.47,	4.64,	5.00,	5.07,	5.09,	4.98,	4.76,	4.68,	4.56,	4.47,	4.38,
4.48,	4.65,	5.02,	5.10,	5.11,	5.00,	4.79,	4.71,	4.59,	4.50,	4.40,
4.48,	4.65,	4.99,	5.06,	5.07,	4.96,	4.75,	4.66,	4.55,	4.45,	4.35,
4.47,	4.64,	4.95,	5.01,	5.02,	4.92,	4.71,	4.63,	4.52,	4.42,	4.31,
4.47,	4.65,	4.98,	5.05,	5.05,	4.95,	4.75,	4.68,	4.56,	4.46,	4.34,
4.45,	4.63,	5.00,	5.09,	5.10,	4.99,	4.80,	4.73,	4.62,	4.52,	4.38,
4.45,	4.63,	5.02,	5.10,	5.10,	5.00,	4.82,	4.75,	4.65,	4.56,	4.42,
4.43,	4.61,	5.00,	5.08,	5.08,	4.98,	4.80,	4.74,	4.64,	4.55,	4.42,
4.41,	4.60,	5.01,	5.08,	5.09,	4.99,	4.82,	4.76,	4.66,	4.57,	4.42,
4.48,	4.67,	5.03,	5.10,	5.10,	5.00,	4.82,	4.75,	4.65,	4.56,	4.40,
4.50,	4.69,	5.03,	5.09,	5.09,	4.99,	4.80,	4.74,	4.63,	4.54,	4.38,
4.51,	4.70,	5.04,	5.10,	5.11,	5.00,	4.80,	4.73,	4.62,	4.53,	4.38,
4.52,	4.70,	5.04,	5.10,	5.11,	5.00,	4.81,	4.74,	4.64,	4.54,	4.39,
4.50,	4.69,	5.02,	5.08,	5.08,	4.97,	4.78,	4.71,	4.61,	4.51,	4.36,
4.48,	4.65,	4.98,	5.05,	5.05,	4.95,	4.77,	4.70,	4.60,	4.50,	4.35,
4.46,	4.64,	4.99,	5.05,	5.05,	4.95,	4.78,	4.72,	4.62,	4.52,	4.36,
4.50,	4.72,	5.06,	5.12,	5.13,	5.02,	4.84,	4.77,	4.67,	4.57,	4.42,
4.60,	4.86,	5.16,	5.20,	5.19,	5.07,	4.86,	4.79,	4.68,	4.58,	4.44,
4.64,	4.88,	5.15,	5.19,	5.17,	5.06,	4.86,	4.78,	4.67,	4.58,	4.44,
4.60,	4.83,	5.12,	5.17,	5.15,	5.04,	4.86,	4.79,	4.69,	4.59,	4.44,
4.64,	4.89,	5.16,	5.18,	5.16,	5.05,	4.87,	4.80,	4.69,	4.60,	4.45,
4.70,	4.96,	5.19,	5.21,	5.18,	5.07,	4.88,	4.81,	4.70,	4.60,	4.46,
4.70,	4.93,	5.14,	5.16,	5.10,	4.99,	4.82,	4.75,	4.65,	4.56,	4.41,
4.66,	4.87,	5.09,	5.11,	5.06,	4.95,	4.78,	4.72,	4.63,	4.54,	4.39,
4.68,	4.91,	5.15,	5.17,	5.12,	5.00,	4.83,	4.77,	4.67,	4.58,	4.44,
4.82,	5.01,	5.21,	5.22,	5.16,	5.03,	4.84,	4.77,	4.67,	4.58,	4.44,
4.83,	5.03,	5.21,	5.21,	5.15,	5.02,	4.81,	4.74,	4.63,	4.53,	4.40,
4.84,	5.05,	5.20,	5.19,	5.13,	5.01,	4.81,	4.73,	4.62,	4.53,	4.39,
4.88,	5.08,	5.23,	5.23,	5.17,	5.03,	4.81,	4.73,	4.61,	4.51,	4.39,
4.87,	5.06,	5.20,	5.20,	5.13,	5.01,	4.81,	4.73,	4.62,	4.52,	4.39,
4.84,	5.02,	5.17,	5.16,	5.08,	4.97,	4.78,	4.70,	4.59,	4.50,	4.36,
4.86,	5.04,	5.15,	5.13,	5.06,	4.94,	4.74,	4.66,	4.55,	4.45,	4.32,
4.89,	5.09,	5.22,	5.19,	5.10,	4.97,	4.75,	4.66,	4.54,	4.44,	4.30,
4.95,	5.13,	5.27,	5.25,	5.16,	5.02,	4.79,	4.70,	4.57,	4.46,	4.33,
4.96,	5.17,	5.28,	5.25,	5.15,	5.01,	4.78,	4.69,	4.56,	4.45,	4.31,
4.96,	5.15,	5.28,	5.25,	5.15,	4.99,	4.75,	4.65,	4.52,	4.42,	4.28,
4.97,	5.17,	5.30,	5.26,	5.15,	4.98,	4.73,	4.64,	4.50,	4.40,	4.26,
4.97,	5.17,	5.29,	5.25,	5.13,	4.96,	4.71,	4.61,	4.48,	4.38,	4.23,
4.96,	5.15,	5.26,	5.23,	5.11,	4.94,	4.70,	4.61,	4.48,	4.38,	4.22,
4.98,	5.19,	5.32,	5.29,	5.18,	5.00,	4.74,	4.65,	4.52,	4.41,	4.26,
4.99,	5.16,	5.28,	5.26,	5.15,	4.96,	4.70,	4.61,	4.47,	4.36,	4.20,
4.98,	5.16,	5.30,	5.29,	5.19,	5.00,	4.73,	4.64,	4.50,	4.39,	4.23,
5.04,	5.21,	5.31,	5.29,	5.18,	4.99,	4.72,	4.62,	4.48,	4.37,	4.20,
5.01,	5.13,	5.21,	5.18,	5.07,	4.91,	4.67,	4.58,	4.45,	4.34,	4.16,
4.99,	5.15,	5.26,	5.25,	5.14,	4.97,	4.72,	4.63,	4.50,	4.38,	4.19,
5.06,	5.21,	5.29,	5.26,	5.14,	4.96,	4.71,	4.62,	4.48,	4.36,	4.17,
5.01,	5.15,	5.23,	5.20,	5.09,	4.92,	4.68,	4.59,	4.46,	4.34,	4.15,
4.97,	5.13,	5.23,	5.20,	5.09,	4.92,	4.68,	4.59,	4.46,	4.34,	4.16,
4.98,	5.13,	5.24,	5.22,	5.12,	4.95,	4.71,	4.62,	4.49,	4.38,	4.18,
4.93,	5.06,	5.21,	5.22,	5.13,	4.96,	4.72,	4.63,	4.50,	4.38,	4.19,
4.90,	5.02,	5.15,	5.15,	5.06,	4.91,	4.69,	4.62,	4.49,	4.37,	4.18,
4.90,	5.04,	5.18,	5.18,	5.09,	4.93,	4.70,	4.61,	4.48,	4.37,	4.18,
4.90,	4.98,	5.23,	5.23,	5.15,	4.98,	4.73,	4.64,	4.51,	4.39,	4.21,
4.92,	4.97,	5.23,	5.23,	5.14,	4.97,	4.72,	4.63,	4.50,	4.39,	4.20,
4.89,	4.90,	5.16,	5.17,	5.09,	4.93,	4.69,	4.61,	4.48,	4.37,	4.19,
4.87,	4.90,	5.17,	5.18,	5.07,	4.89,	4.67,	4.60,	4.49,	4.38,	4.20,
4.85,	4.87,	5.12,	5.11,	5.00,	4.84,	4.66,	4.60,	4.50,	4.40,	4.20,
4.85,	4.89,	5.14,	5.13,	5.01,	4.85,	4.67,	4.62,	4.52,	4.41,	4.22,
4.86,	4.91,	5.14,	5.12,	5.00,	4.84,	4.66,	4.61,	4.51,	4.41,	4.21,
4.87,	4.91,	5.12,	5.09,	4.96,	4.80,	4.62,	4.56,	4.46,	4.36,	4.18,
4.86,	4.89,	5.12,	5.09,	4.97,	4.81,	4.62,	4.56,	4.46,	4.36,	4.18,
4.84,	4.92,	5.14,	5.11,	4.99,	4.83,	4.64,	4.58,	4.48,	4.38,	4.20,
4.86,	4.92,	5.13,	5.09,	4.97,	4.81,	4.63,	4.56,	4.46,	4.37,	4.20,
4.88,	4.97,	5.20,	5.17,	5.05,	4.87,	4.66,	4.59,	4.49,	4.39,	4.23,
4.86,	4.95,	5.18,	5.15,	5.02,	4.86,	4.65,	4.58,	4.48,	4.38,	4.22,
4.85,	4.94,	5.19,	5.16,	5.04,	4.87,	4.66,	4.59,	4.48,	4.39,	4.23,
4.80,	4.82,	5.11,	5.10,	4.99,	4.82,	4.63,	4.57,	4.47,	4.38,	4.22,
4.75,	4.84,	5.12,	5.10,	4.99,	4.83,	4.64,	4.58,	4.48,	4.39,	4.24,
4.75,	4.84,	5.13,	5.11,	5.00,	4.84,	4.66,	4.60,	4.50,	4.41,	4.26,
4.83,	4.94,	5.22,	5.21,	5.09,	4.91,	4.69,	4.62,	4.52,	4.43,	4.29,
4.88,	4.97,	5.19,	5.16,	5.04,	4.86,	4.64,	4.56,	4.45,	4.35,	4.20,
4.91,	5.00,	5.21,	5.17,	5.04,	4.87,	4.65,	4.57,	4.46,	4.36,	4.21,
4.92,	5.02,	5.24,	5.20,	5.07,	4.89,	4.65,	4.57,	4.46,	4.35,	4.20,
4.92,	5.04,	5.26,	5.23,	5.09,	4.90,	4.65,	4.56,	4.44,	4.34,	4.19,
4.95,	5.04,	5.29,	5.27,	5.12,	4.90,	4.64,	4.56,	4.45,	4.35,	4.21,
4.94,	5.05,	5.28,	5.26,	5.11,	4.89,	4.64,	4.57,	4.46,	4.36,	4.22,
4.95,	4.99,	5.19,	5.16,	5.02,	4.82,	4.59,	4.52,	4.42,	4.32,	4.16,
4.94,	4.99,	5.19,	5.16,	5.02,	4.82,	4.59,	4.51,	4.41,	4.31,	4.16,
4.94,	5.00,	5.19,	5.16,	5.01,	4.80,	4.56,	4.48,	4.37,	4.27,	4.12,
4.94,	4.99,	5.18,	5.15,	5.00,	4.78,	4.53,	4.45,	4.34,	4.24,	4.09,
4.90,	4.88,	5.09,	5.07,	4.93,	4.73,	4.50,	4.43,	4.33,	4.23,	4.06,
4.82,	4.78,	5.00,	5.00,	4.88,	4.68,	4.47,	4.41,	4.31,	4.22,	4.06,
4.81,	4.82,	5.04,	5.03,	4.91,	4.72,	4.51,	4.44,	4.34,	4.24,	4.08,
4.80,	4.81,	5.01,	5.00,	4.88,	4.70,	4.49,	4.43,	4.33,	4.23,	4.07,
4.82,	4.84,	5.07,	5.05,	4.93,	4.74,	4.51,	4.44,	4.34,	4.24,	4.09,
4.79,	4.80,	5.02,	5.01,	4.90,	4.71,	4.48,	4.41,	4.31,	4.21,	4.06,
4.78,	4.79,	5.00,	5.01,	4.90,	4.72,	4.50,	4.43,	4.33,	4.23,	4.08,
4.80,	4.83,	5.04,	5.05,	4.96,	4.80,	4.56,	4.46,	4.32,	4.22,	4.08,
4.81,	4.82,	5.02,	5.04,	4.95,	4.79,	4.54,	4.44,	4.30,	4.20,	4.07,
4.79,	4.79,	5.01,	5.03,	4.96,	4.79,	4.54,	4.45,	4.31,	4.20,	4.08,
4.78,	4.78,	5.01,	5.03,	4.96,	4.79,	4.54,	4.44,	4.30,	4.19,	4.06,
4.78,	4.77,	4.98,	5.01,	4.93,	4.77,	4.52,	4.43,	4.29,	4.19,	4.06,
4.82,	4.83,	5.08,	5.10,	5.03,	4.85,	4.58,	4.48,	4.33,	4.23,	4.11,
4.83,	4.84,	5.06,	5.09,	5.01,	4.83,	4.56,	4.45,	4.31,	4.20,	4.08,
4.82,	4.80,	5.02,	5.04,	4.97,	4.79,	4.53,	4.43,	4.29,	4.19,	4.06,
4.82,	4.79,	4.98,	5.01,	4.93,	4.76,	4.52,	4.41,	4.26,	4.15,	4.03,
4.79,	4.75,	5.00,	5.03,	4.94,	4.77,	4.53,	4.43,	4.28,	4.17,	4.05,
4.75,	4.68,	4.97,	5.01,	4.92,	4.75,	4.51,	4.42,	4.27,	4.16,	4.04,
4.70,	4.67,	4.98,	5.02,	4.94,	4.77,	4.54,	4.44,	4.30,	4.19,	4.07,
4.72,	4.69,	5.01,	5.06,	4.98,	4.80,	4.56,	4.46,	4.31,	4.20,	4.08,
4.77,	4.75,	5.08,	5.13,	5.04,	4.85,	4.58,	4.47,	4.32,	4.21,	4.09,
4.75,	4.70,	5.02,	5.08,	5.00,	4.81,	4.55,	4.44,	4.29,	4.18,	4.07,
4.76,	4.73,	5.02,	5.08,	5.00,	4.82,	4.56,	4.45,	4.30,	4.20,	4.08,
4.77,	4.73,	5.01,	5.06,	4.98,	4.80,	4.55,	4.45,	4.30,	4.19,	4.08,
4.74,	4.69,	4.97,	5.02,	4.93,	4.76,	4.52,	4.42,	4.28,	4.17,	4.05,
4.72,	4.66,	4.95,	5.00,	4.92,	4.75,	4.52,	4.42,	4.28,	4.18,	4.05,
4.73,	4.68,	4.97,	5.02,	4.94,	4.77,	4.54,	4.44,	4.29,	4.19,	4.06,
4.70,	4.65,	4.95,	5.01,	4.93,	4.76,	4.52,	4.42,	4.27,	4.16,	4.04,
4.69,	4.67,	4.97,	5.00,	4.92,	4.76,	4.53,	4.44,	4.29,	4.19,	4.06,
4.76,	4.74,	4.98,	4.99,	4.89,	4.75,	4.55,	4.46,	4.30,	4.19,	4.04,
4.72,	4.71,	4.96,	4.97,	4.87,	4.73,	4.54,	4.45,	4.30,	4.18,	4.04,
4.73,	4.70,	4.93,	4.94,	4.85,	4.72,	4.53,	4.44,	4.29,	4.17,	4.03,
4.70,	4.66,	4.92,	4.94,	4.84,	4.71,	4.52,	4.43,	4.28,	4.17,	4.03,
4.66,	4.61,	4.86,	4.88,	4.80,	4.68,	4.50,	4.42,	4.27,	4.15,	4.01,
4.67,	4.62,	4.83,	4.85,	4.76,	4.66,	4.50,	4.42,	4.28,	4.16,	4.01,
4.69,	4.66,	4.85,	4.86,	4.78,	4.67,	4.52,	4.44,	4.29,	4.18,	4.03,
4.67,	4.61,	4.82,	4.83,	4.75,	4.65,	4.49,	4.41,	4.27,	4.15,	4.00,
4.66,	4.61,	4.84,	4.86,	4.77,	4.66,	4.50,	4.42,	4.28,	4.16,	4.01,
4.64,	4.56,	4.85,	4.90,	4.82,	4.70,	4.53,	4.45,	4.30,	4.19,	4.04,
4.61,	4.56,	4.85,	4.90,	4.84,	4.73,	4.56,	4.48,	4.33,	4.22,	4.06,
4.61,	4.56,	4.88,	4.95,	4.89,	4.77,	4.60,	4.51,	4.36,	4.24,	4.09,
4.64,	4.59,	4.90,	4.96,	4.92,	4.81,	4.64,	4.54,	4.39,	4.27,	4.12,
4.62,	4.55,	4.84,	4.91,	4.87,	4.78,	4.62,	4.53,	4.38,	4.26,	4.11,
4.59,	4.54,	4.84,	4.91,	4.87,	4.78,	4.62,	4.53,	4.38,	4.26,	4.11,
4.60,	4.54,	4.86,	4.94,	4.91,	4.81,	4.64,	4.55,	4.41,	4.29,	4.14,
4.57,	4.49,	4.79,	4.86,	4.83,	4.75,	4.61,	4.52,	4.39,	4.27,	4.13,
4.56,	4.49,	4.80,	4.87,	4.85,	4.76,	4.61,	4.52,	4.38,	4.27,	4.12,
4.51,	4.43,	4.74,	4.82,	4.80,	4.72,	4.57,	4.49,	4.35,	4.24,	4.10,
4.54,	4.44,	4.75,	4.82,	4.80,	4.72,	4.57,	4.49,	4.36,	4.25,	4.12,
4.55,	4.43,	4.72,	4.79,	4.76,	4.67,	4.52,	4.43,	4.29,	4.18,	4.04,
4.56,	4.46,	4.73,	4.80,	4.76,	4.66,	4.50,	4.41,	4.27,	4.16,	4.03,
4.56,	4.42,	4.72,	4.79,	4.75,	4.66,	4.50,	4.41,	4.27,	4.16,	4.04,
4.55,	4.44,	4.76,	4.83,	4.79,	4.69,	4.52,	4.43,	4.29,	4.18,	4.06,
4.51,	4.36,	4.68,	4.76,	4.74,	4.65,	4.49,	4.41,	4.27,	4.16,	4.04,
4.55,	4.40,	4.69,	4.77,	4.74,	4.64,	4.47,	4.38,	4.24,	4.14,	4.02,
4.53,	4.36,	4.70,	4.78,	4.75,	4.65,	4.47,	4.38,	4.24,	4.14,	4.02,
4.50,	4.33,	4.68,	4.76,	4.74,	4.64,	4.47,	4.38,	4.25,	4.14,	4.02,
4.51,	4.35,	4.69,	4.77,	4.74,	4.65,	4.50,	4.42,	4.28,	4.18,	4.05,
4.54,	4.39,	4.71,	4.79,	4.76,	4.67,	4.51,	4.43,	4.29,	4.19,	4.06,
4.58,	4.43,	4.75,	4.83,	4.79,	4.69,	4.53,	4.44,	4.30,	4.19,	4.05,
4.58,	4.43,	4.73,	4.81,	4.78,	4.69,	4.53,	4.44,	4.30,	4.19,	4.05,
4.58,	4.42,	4.73,	4.82,	4.79,	4.69,	4.53,	4.44,	4.30,	4.19,	4.05,
4.63,	4.51,	4.80,	4.89,	4.86,	4.75,	4.56,	4.46,	4.32,	4.21,	4.08,
4.65,	4.49,	4.78,	4.87,	4.84,	4.72,	4.53,	4.43,	4.28,	4.17,	4.04,
4.62,	4.46,	4.73,	4.80,	4.77,	4.67,	4.49,	4.40,	4.25,	4.13,	4.00,
4.65,	4.53,	4.78,	4.86,	4.82,	4.70,	4.50,	4.40,	4.24,	4.12,	3.99,
4.68,	4.53,	4.77,	4.85,	4.80,	4.69,	4.48,	4.37,	4.21,	4.09,	3.96,
4.67,	4.51,	4.74,	4.82,	4.77,	4.66,	4.46,	4.36,	4.20,	4.08,	3.95,
4.61,	4.45,	4.74,	4.82,	4.79,	4.68,	4.50,	4.40,	4.25,	4.13,	4.00,
4.57,	4.40,	4.68,	4.76,	4.74,	4.64,	4.48,	4.39,	4.25,	4.13,	3.99,
4.55,	4.36,	4.64,	4.72,	4.70,	4.61,	4.45,	4.36,	4.22,	4.11,	3.97,
4.53,	4.34,	4.62,	4.70,	4.68,	4.59,	4.43,	4.34,	4.20,	4.09,	3.95,
4.54,	4.36,	4.59,	4.66,	4.66,	4.59,	4.43,	4.34,	4.19,	4.08,	3.94,
4.55,	4.40,	4.62,	4.70,	4.69,	4.61,	4.44,	4.34,	4.19,	4.07,	3.94,
4.57,	4.46,	4.69,	4.75,	4.73,	4.64,	4.45,	4.35,	4.19,	4.06,	3.93,
4.57,	4.46,	4.68,	4.72,	4.69,	4.60,	4.43,	4.32,	4.16,	4.04,	3.90,
4.56,	4.42,	4.63,	4.67,	4.64,	4.56,	4.40,	4.30,	4.14,	4.01,	3.88,
4.53,	4.37,	4.61,	4.66,	4.64,	4.56,	4.39,	4.29,	4.13,	4.01,	3.87,
4.51,	4.35,	4.60,	4.66,	4.64,	4.56,	4.39,	4.29,	4.13,	4.00,	3.86,
4.47,	4.29,	4.55,	4.62,	4.62,	4.54,	4.36,	4.25,	4.09,	3.96,	3.82,
4.45,	4.25,	4.55,	4.64,	4.64,	4.54,	4.34,	4.24,	4.08,	3.97,	3.84,
4.41,	4.24,	4.57,	4.67,	4.68,	4.59,	4.41,	4.32,	4.17,	4.05,	3.93,
4.45,	4.27,	4.56,	4.65,	4.66,	4.59,	4.42,	4.33,	4.18,	4.07,	3.94,
4.48,	4.33,	4.60,	4.67,	4.67,	4.59,	4.42,	4.32,	4.17,	4.06,	3.95,
4.51,	4.38,	4.66,	4.73,	4.73,	4.64,	4.44,	4.34,	4.19,	4.08,	3.97,
4.54,	4.35,	4.61,	4.69,	4.70,	4.62,	4.44,	4.35,	4.20,	4.09,	3.98,
4.48,	4.30,	4.56,	4.64,	4.65,	4.58,	4.42,	4.33,	4.19,	4.08,	3.96,
4.47,	4.27,	4.53,	4.61,	4.63,	4.57,	4.41,	4.32,	4.18,	4.07,	3.95,
4.47,	4.26,	4.51,	4.58,	4.60,	4.55,	4.41,	4.32,	4.18,	4.07,	3.95,
4.46,	4.23,	4.48,	4.55,	4.57,	4.54,	4.43,	4.35,	4.22,	4.11,	3.98,
4.48,	4.24,	4.47,	4.55,	4.57,	4.53,	4.43,	4.35,	4.22,	4.12,	4.00,
4.47,	4.23,	4.45,	4.53,	4.55,	4.52,	4.39,	4.31,	4.18,	4.07,	3.96,
4.49,	4.25,	4.45,	4.52,	4.54,	4.51,	4.39,	4.30,	4.17,	4.06,	3.94,
4.48,	4.23,	4.39,	4.46,	4.48,	4.46,	4.36,	4.28,	4.15,	4.05,	3.92,
4.51,	4.30,	4.41,	4.45,	4.46,	4.44,	4.34,	4.27,	4.14,	4.03,	3.91,
4.57,	4.36,	4.43,	4.46,	4.46,	4.44,	4.33,	4.25,	4.12,	4.01,	3.90,
4.58,	4.35,	4.41,	4.43,	4.42,	4.40,	4.31,	4.24,	4.11,	4.00,	3.88,
4.57,	4.35,	4.43,	4.46,	4.46,	4.44,	4.34,	4.27,	4.14,	4.03,	3.91,
4.54,	4.29,	4.40,	4.44,	4.45,	4.43,	4.34,	4.26,	4.14,	4.03,	3.91,
4.51,	4.25,	4.39,	4.44,	4.45,	4.43,	4.34,	4.27,	4.15,	4.04,	3.92,
4.50,	4.25,	4.40,	4.45,	4.46,	4.44,	4.35,	4.28,	4.15,	4.05,	3.92,
4.53,	4.33,	4.53,	4.59,	4.60,	4.57,	4.46,	4.38,	4.25,	4.14,	4.02,
4.53,	4.32,	4.53,	4.59,	4.60,	4.56,	4.45,	4.37,	4.24,	4.13,	4.02,
4.53,	4.29,	4.47,	4.52,	4.55,	4.54,	4,42,	4.34,	4.20,	4.08,	3.96,
